"754 [ 39, 13 ] ac ad"	24899	49.80%
"741 [ 39, 0 ] ac ah"	24741	49.48%
"767 [ 39, 26 ] ac as"	24713	49.43%
"325 [ 26, 0 ] as ah"	24688	49.38%
"338 [ 26, 13 ] as ad"	24677	49.35%
"78 [ 13, 0 ] ad ah"	24670	49.34%
"312 [ 25, 12 ] kd kh"	21859	43.72%
"728 [ 38, 25 ] ks kd"	21842	43.68%
"1313 [ 51, 38 ] kc ks"	21651	43.30%
"1287 [ 51, 12 ] kc kh"	21571	43.14%
"1300 [ 51, 25 ] kc kd"	21566	43.13%
"715 [ 38, 12 ] ks kh"	21537	43.07%
"677 [ 37, 11 ] qs qh"	19407	38.81%
"690 [ 37, 24 ] qs qd"	19213	38.43%
"1236 [ 50, 11 ] qc qh"	19158	38.32%
"1262 [ 50, 37 ] qc qs"	19140	38.28%
"1249 [ 50, 24 ] qc qd"	19114	38.23%
"287 [ 24, 11 ] qd qh"	19059	38.12%
"263 [ 23, 10 ] jd jh"	17167	34.33%
"653 [ 36, 23 ] js jd"	17073	34.15%
"1199 [ 49, 23 ] jc jd"	17063	34.13%
"1186 [ 49, 10 ] jc jh"	17053	34.11%
"1212 [ 49, 36 ] jc js"	17047	34.09%
"640 [ 36, 10 ] js jh"	17035	34.07%
"66 [ 12, 0 ] kh ah"	16339	32.68%
"313 [ 25, 13 ] kd ad"	16243	32.49%
"729 [ 38, 26 ] ks as"	16164	32.33%
"1314 [ 51, 39 ] kc ac"	16092	32.18%
"1163 [ 48, 35 ] tc ts"	15536	31.07%
"617 [ 35, 22 ] ts td"	15450	30.90%
"289 [ 24, 13 ] qd ad"	15414	30.83%
"1264 [ 50, 39 ] qc ac"	15356	30.71%
"604 [ 35, 9 ] ts th"	15349	30.70%
"240 [ 22, 9 ] td th"	15330	30.66%
"55 [ 11, 0 ] qh ah"	15304	30.61%
"1150 [ 48, 22 ] tc td"	15302	30.60%
"692 [ 37, 26 ] qs as"	15284	30.57%
"1137 [ 48, 9 ] tc th"	15238	30.48%
"740 [ 38, 37 ] ks qs"	14874	29.75%
"1325 [ 51, 50 ] kc qc"	14853	29.71%
"77 [ 12, 11 ] kh qh"	14847	29.69%
"656 [ 36, 26 ] js as"	14838	29.68%
"90 [ 13, 12 ] ad kh"	14784	29.57%
"324 [ 25, 24 ] kd qd"	14763	29.53%
"266 [ 23, 13 ] jd ad"	14680	29.36%
"1288 [ 51, 13 ] kc ad"	14648	29.30%
"1215 [ 49, 39 ] jc ac"	14637	29.27%
"766 [ 39, 25 ] ac kd"	14624	29.25%
"45 [ 10, 0 ] jh ah"	14599	29.20%
"300 [ 25, 0 ] kd ah"	14589	29.18%
"753 [ 39, 12 ] ac kh"	14572	29.14%
"1301 [ 51, 26 ] kc as"	14531	29.06%
"350 [ 26, 25 ] as kd"	14517	29.03%
"76 [ 12, 10 ] kh jh"	14477	28.95%
"703 [ 38, 0 ] ks ah"	14477	28.95%
"716 [ 38, 13 ] ks ad"	14476	28.95%
"779 [ 39, 38 ] ac ks"	14466	28.93%
"1275 [ 51, 0 ] kc ah"	14388	28.78%
"1324 [ 51, 49 ] kc jc"	14310	28.62%
"36 [ 9, 0 ] th ah"	14301	28.60%
"337 [ 26, 12 ] as kh"	14300	28.60%
"1167 [ 48, 39 ] tc ac"	14232	28.46%
"621 [ 35, 26 ] ts as"	14186	28.37%
"739 [ 38, 36 ] ks js"	14098	28.20%
"244 [ 22, 13 ] td ad"	14056	28.11%
"1274 [ 50, 49 ] qc jc"	14054	28.11%
"323 [ 25, 23 ] kd jd"	14048	28.10%
"65 [ 11, 10 ] qh jh"	13874	27.75%
"299 [ 24, 23 ] qd jd"	13830	27.66%
"1323 [ 51, 48 ] kc tc"	13794	27.59%
"679 [ 37, 13 ] qs ad"	13783	27.57%
"349 [ 26, 24 ] as qd"	13777	27.55%
"702 [ 37, 36 ] qs js"	13768	27.54%
"75 [ 12, 9 ] kh th"	13763	27.53%
"778 [ 39, 37 ] ac qs"	13761	27.52%
"765 [ 39, 24 ] ac qd"	13753	27.51%
"738 [ 38, 35 ] ks ts"	13708	27.42%
"1089 [ 47, 8 ] 9c 9h"	13686	27.37%
"1225 [ 50, 0 ] qc ah"	13676	27.35%
"1251 [ 50, 26 ] qc as"	13670	27.34%
"666 [ 37, 0 ] qs ah"	13637	27.27%
"276 [ 24, 0 ] qd ah"	13636	27.27%
"1115 [ 47, 34 ] 9c 9s"	13636	27.27%
"752 [ 39, 11 ] ac qh"	13622	27.24%
"1238 [ 50, 13 ] qc ad"	13622	27.24%
"322 [ 25, 22 ] kd td"	13591	27.18%
"336 [ 26, 11 ] as qh"	13584	27.17%
"582 [ 34, 21 ] 9s 9d"	13561	27.12%
"218 [ 21, 8 ] 9d 9h"	13536	27.07%
"1102 [ 47, 21 ] 9c 9d"	13460	26.92%
"89 [ 13, 11 ] ad qh"	13446	26.89%
"569 [ 34, 8 ] 9s 9h"	13392	26.78%
"1273 [ 50, 48 ] qc tc"	13392	26.78%
"714 [ 38, 11 ] ks qh"	13369	26.74%
"54 [ 10, 9 ] jh th"	13331	26.66%
"727 [ 38, 24 ] ks qd"	13329	26.66%
"1237 [ 50, 12 ] qc kh"	13322	26.64%
"64 [ 11, 9 ] qh th"	13314	26.63%
"275 [ 23, 22 ] jd td"	13281	26.56%
"701 [ 37, 35 ] qs ts"	13277	26.55%
"665 [ 36, 35 ] js ts"	13270	26.54%
"1263 [ 50, 38 ] qc ks"	13241	26.48%
"1286 [ 51, 11 ] kc qh"	13221	26.44%
"691 [ 37, 25 ] qs kd"	13197	26.39%
"678 [ 37, 12 ] qs kh"	13194	26.39%
"298 [ 24, 22 ] qd td"	13179	26.36%
"335 [ 26, 10 ] as jh"	13129	26.26%
"348 [ 26, 23 ] as jd"	13111	26.22%
"1250 [ 50, 25 ] qc kd"	13110	26.22%
"1299 [ 51, 24 ] kc qd"	13091	26.18%
"311 [ 25, 11 ] kd qh"	13060	26.12%
"1224 [ 49, 48 ] jc tc"	13054	26.11%
"1176 [ 49, 0 ] jc ah"	13049	26.10%
"288 [ 24, 12 ] qd kh"	13042	26.08%
"1312 [ 51, 37 ] kc qs"	13039	26.08%
"587 [ 34, 26 ] 9s as"	13037	26.07%
"1202 [ 49, 26 ] jc as"	12976	25.95%
"253 [ 23, 0 ] jd ah"	12961	25.92%
"1120 [ 47, 39 ] 9c ac"	12961	25.92%
"223 [ 21, 13 ] 9d ad"	12952	25.90%
"643 [ 36, 13 ] js ad"	12945	25.89%
"777 [ 39, 36 ] ac js"	12914	25.83%
"751 [ 39, 10 ] ac jh"	12909	25.82%
"1189 [ 49, 13 ] jc ad"	12891	25.78%
"88 [ 13, 10 ] ad jh"	12848	25.70%
"764 [ 39, 23 ] ac jd"	12844	25.69%
"28 [ 8, 0 ] 9h ah"	12818	25.64%
"630 [ 36, 0 ] js ah"	12784	25.57%
"554 [ 33, 26 ] 8s as"	12732	25.46%
"1285 [ 51, 10 ] kc jh"	12691	25.38%
"726 [ 38, 23 ] ks jd"	12604	25.21%
"203 [ 20, 13 ] 8d ad"	12575	25.15%
"1298 [ 51, 23 ] kc jd"	12560	25.12%
"310 [ 25, 10 ] kd jh"	12555	25.11%
"1074 [ 46, 39 ] 8c ac"	12548	25.10%
"1311 [ 51, 36 ] kc js"	12548	25.10%
"231 [ 22, 0 ] td ah"	12534	25.07%
"1214 [ 49, 38 ] jc ks"	12518	25.04%
"1154 [ 48, 26 ] tc as"	12495	24.99%
"548 [ 33, 20 ] 8s 8d"	12494	24.99%
"21 [ 7, 0 ] 8h ah"	12491	24.98%
"655 [ 36, 25 ] js kd"	12491	24.98%
"1201 [ 49, 25 ] jc kd"	12479	24.96%
"535 [ 33, 7 ] 8s 8h"	12478	24.96%
"763 [ 39, 22 ] ac td"	12475	24.95%
"737 [ 38, 34 ] ks 9s"	12474	24.95%
"265 [ 23, 12 ] jd kh"	12469	24.94%
"608 [ 35, 13 ] ts ad"	12469	24.94%
"1128 [ 48, 0 ] tc ah"	12465	24.93%
"713 [ 38, 10 ] ks jh"	12464	24.93%
"334 [ 26, 9 ] as th"	12463	24.93%
"87 [ 13, 9 ] ad th"	12454	24.91%
"642 [ 36, 12 ] js kh"	12454	24.91%
"347 [ 26, 22 ] as td"	12425	24.85%
"1322 [ 51, 47 ] kc 9c"	12399	24.80%
"595 [ 35, 0 ] ts ah"	12387	24.77%
"1141 [ 48, 13 ] tc ad"	12383	24.77%
"74 [ 12, 8 ] kh 9h"	12380	24.76%
"1055 [ 46, 20 ] 8c 8d"	12342	24.68%
"776 [ 39, 35 ] ac ts"	12336	24.67%
"197 [ 20, 7 ] 8d 8h"	12331	24.66%
"1188 [ 49, 12 ] jc kh"	12316	24.63%
"264 [ 23, 11 ] jd qh"	12296	24.59%
"676 [ 37, 10 ] qs jh"	12296	24.59%
"1029 [ 45, 39 ] 7c ac"	12281	24.56%
"321 [ 25, 21 ] kd 9d"	12266	24.53%
"1068 [ 46, 33 ] 8c 8s"	12256	24.51%
"461 [ 30, 26 ] 5s as"	12253	24.51%
"750 [ 39, 9 ] ac th"	12253	24.51%
"1042 [ 46, 7 ] 8c 8h"	12239	24.48%
"629 [ 35, 34 ] ts 9s"	12232	24.46%
"15 [ 6, 0 ] 7h ah"	12223	24.45%
"286 [ 24, 10 ] qd jh"	12223	24.45%
"1235 [ 50, 10 ] qc jh"	12202	24.40%
"654 [ 36, 24 ] js qd"	12194	24.39%
"63 [ 11, 8 ] qh 9h"	12192	24.38%
"689 [ 37, 23 ] qs jd"	12189	24.38%
"1248 [ 50, 23 ] qc jd"	12179	24.36%
"6 [ 4, 0 ] 5h ah"	12178	24.36%
"1187 [ 49, 11 ] jc qh"	12174	24.35%
"620 [ 35, 25 ] ts kd"	12171	24.34%
"184 [ 19, 13 ] 7d ad"	12169	24.34%
"641 [ 36, 11 ] js qh"	12152	24.30%
"700 [ 37, 34 ] qs 9s"	12143	24.29%
"1213 [ 49, 37 ] jc qs"	12139	24.28%
"1261 [ 50, 36 ] qc js"	12131	24.26%
"1200 [ 49, 24 ] jc qd"	12129	24.26%
"309 [ 25, 9 ] kd th"	12112	24.22%
"1272 [ 50, 47 ] qc 9c"	12105	24.21%
"297 [ 24, 21 ] qd 9d"	12097	24.19%
"522 [ 32, 26 ] 7s as"	12096	24.19%
"149 [ 17, 13 ] 5d ad"	12070	24.14%
"1223 [ 49, 47 ] jc 9c"	12065	24.13%
"942 [ 43, 39 ] 5c ac"	12056	24.11%
"44 [ 9, 8 ] th 9h"	12055	24.11%
"1175 [ 48, 47 ] tc 9c"	12047	24.09%
"1140 [ 48, 12 ] tc kh"	12045	24.09%
"1153 [ 48, 25 ] tc kd"	12015	24.03%
"1310 [ 51, 35 ] kc ts"	11973	23.95%
"166 [ 18, 13 ] 6d ad"	11972	23.94%
"252 [ 22, 21 ] td 9d"	11968	23.94%
"53 [ 10, 8 ] jh 9h"	11964	23.93%
"607 [ 35, 12 ] ts kh"	11946	23.89%
"274 [ 23, 21 ] jd 9d"	11940	23.88%
"1284 [ 51, 9 ] kc th"	11919	23.84%
"491 [ 31, 26 ] 6s as"	11913	23.83%
"243 [ 22, 12 ] td kh"	11907	23.81%
"432 [ 29, 26 ] 4s as"	11896	23.79%
"1297 [ 51, 22 ] kc td"	11878	23.76%
"664 [ 36, 34 ] js 9s"	11870	23.74%
"900 [ 42, 39 ] 4c ac"	11866	23.73%
"725 [ 38, 22 ] ks td"	11860	23.72%
"1166 [ 48, 38 ] tc ks"	11860	23.72%
"3 [ 3, 0 ] 4h ah"	11857	23.71%
"10 [ 5, 0 ] 6h ah"	11848	23.70%
"985 [ 44, 39 ] 6c ac"	11847	23.69%
"133 [ 16, 13 ] 4d ad"	11845	23.69%
"712 [ 38, 9 ] ks th"	11797	23.59%
"118 [ 15, 13 ] 3d ad"	11792	23.58%
"1260 [ 50, 35 ] qc ts"	11731	23.46%
"285 [ 24, 9 ] qd th"	11728	23.46%
"688 [ 37, 22 ] qs td"	11721	23.44%
"1138 [ 48, 10 ] tc jh"	11687	23.37%
"1152 [ 48, 24 ] tc qd"	11684	23.37%
"1139 [ 48, 11 ] tc qh"	11675	23.35%
"404 [ 28, 26 ] 3s as"	11665	23.33%
"1164 [ 48, 36 ] tc js"	11662	23.32%
"606 [ 35, 11 ] ts qh"	11658	23.32%
"1165 [ 48, 37 ] tc qs"	11653	23.31%
"619 [ 35, 24 ] ts qd"	11649	23.30%
"1211 [ 49, 35 ] jc ts"	11639	23.28%
"241 [ 22, 10 ] td jh"	11631	23.26%
"1247 [ 50, 22 ] qc td"	11603	23.21%
"242 [ 22, 11 ] td qh"	11587	23.17%
"1234 [ 50, 9 ] qc th"	11579	23.16%
"859 [ 41, 39 ] 3c ac"	11566	23.13%
"618 [ 35, 23 ] ts jd"	11565	23.13%
"1198 [ 49, 22 ] jc td"	11564	23.13%
"1 [ 2, 0 ] 3h ah"	11554	23.11%
"605 [ 35, 10 ] ts jh"	11541	23.08%
"1185 [ 49, 9 ] jc th"	11531	23.06%
"262 [ 23, 9 ] jd th"	11527	23.05%
"1151 [ 48, 23 ] tc jd"	11523	23.05%
"320 [ 25, 20 ] kd 8d"	11513	23.03%
"639 [ 36, 9 ] js th"	11500	23.00%
"652 [ 36, 22 ] js td"	11478	22.96%
"675 [ 37, 9 ] qs th"	11468	22.94%
"736 [ 38, 33 ] ks 8s"	11466	22.93%
"73 [ 12, 7 ] kh 8h"	11384	22.77%
"377 [ 27, 26 ] 2s as"	11351	22.70%
"43 [ 9, 7 ] th 8h"	11326	22.65%
"1321 [ 51, 46 ] kc 8c"	11312	22.62%
"699 [ 37, 33 ] qs 8s"	11272	22.54%
"1174 [ 48, 46 ] tc 8c"	11265	22.53%
"1271 [ 50, 46 ] qc 8c"	11250	22.50%
"1022 [ 45, 32 ] 7c 7s"	11247	22.49%
"177 [ 19, 6 ] 7d 7h"	11233	22.47%
"104 [ 14, 13 ] 2d ad"	11230	22.46%
"502 [ 32, 6 ] 7s 7h"	11225	22.45%
"1009 [ 45, 19 ] 7c 7d"	11219	22.44%
"1094 [ 47, 13 ] 9c ad"	11185	22.37%
"515 [ 32, 19 ] 7s 7d"	11180	22.36%
"333 [ 26, 8 ] as 9h"	11177	22.35%
"319 [ 25, 19 ] kd 7d"	11172	22.34%
"735 [ 38, 32 ] ks 7s"	11131	22.26%
"663 [ 36, 33 ] js 8s"	11130	22.26%
"0 [ 1, 0 ] 2h ah"	11125	22.25%
"628 [ 35, 33 ] ts 8s"	11115	22.23%
"996 [ 45, 6 ] 7c 7h"	11105	22.21%
"62 [ 11, 7 ] qh 8h"	11079	22.16%
"1081 [ 47, 0 ] 9c ah"	11079	22.16%
"72 [ 12, 6 ] kh 7h"	11078	22.16%
"273 [ 23, 20 ] jd 8d"	11070	22.14%
"251 [ 22, 20 ] td 8d"	11049	22.10%
"574 [ 34, 13 ] 9s ad"	11043	22.09%
"210 [ 21, 0 ] 9d ah"	11042	22.08%
"1127 [ 47, 46 ] 9c 8c"	11034	22.07%
"230 [ 21, 20 ] 9d 8d"	11030	22.06%
"296 [ 24, 20 ] qd 8d"	11030	22.06%
"594 [ 34, 33 ] 9s 8s"	11029	22.06%
"819 [ 40, 39 ] 2c ac"	11026	22.05%
"1107 [ 47, 26 ] 9c as"	11015	22.03%
"346 [ 26, 21 ] as 9d"	11012	22.02%
"1320 [ 51, 45 ] kc 7c"	10984	21.97%
"86 [ 13, 8 ] ad 9h"	10978	21.96%
"749 [ 39, 8 ] ac 9h"	10971	21.94%
"561 [ 34, 0 ] 9s ah"	10937	21.87%
"775 [ 39, 34 ] ac 9s"	10931	21.86%
"52 [ 10, 7 ] jh 8h"	10913	21.83%
"35 [ 8, 7 ] 9h 8h"	10889	21.78%
"1222 [ 49, 46 ] jc 8c"	10885	21.77%
"1319 [ 51, 44 ] kc 6c"	10878	21.76%
"734 [ 38, 31 ] ks 6s"	10871	21.74%
"762 [ 39, 21 ] ac 9d"	10871	21.74%
"318 [ 25, 18 ] kd 6d"	10855	21.71%
"71 [ 12, 5 ] kh 6h"	10794	21.59%
"748 [ 39, 7 ] ac 8h"	10759	21.52%
"1048 [ 46, 13 ] 8c ad"	10744	21.49%
"733 [ 38, 30 ] ks 5s"	10701	21.40%
"332 [ 26, 7 ] as 8h"	10689	21.38%
"724 [ 38, 21 ] ks 9d"	10680	21.36%
"1061 [ 46, 26 ] 8c as"	10644	21.29%
"1296 [ 51, 21 ] kc 9d"	10636	21.27%
"1283 [ 51, 8 ] kc 9h"	10624	21.25%
"70 [ 12, 4 ] kh 5h"	10600	21.20%
"1106 [ 47, 25 ] 9c kd"	10592	21.18%
"1318 [ 51, 43 ] kc 5c"	10589	21.18%
"470 [ 31, 5 ] 6s 6h"	10588	21.18%
"190 [ 20, 0 ] 8d ah"	10585	21.17%
"774 [ 39, 33 ] ac 8s"	10574	21.15%
"1309 [ 51, 34 ] kc 9s"	10564	21.13%
"85 [ 13, 7 ] ad 8h"	10550	21.10%
"528 [ 33, 0 ] 8s ah"	10550	21.10%
"711 [ 38, 8 ] ks 9h"	10538	21.08%
"761 [ 39, 20 ] ac 8d"	10537	21.07%
"1093 [ 47, 12 ] 9c kh"	10527	21.05%
"222 [ 21, 12 ] 9d kh"	10526	21.05%
"1119 [ 47, 38 ] 9c ks"	10520	21.04%
"541 [ 33, 13 ] 8s ad"	10514	21.03%
"586 [ 34, 25 ] 9s kd"	10506	21.01%
"34 [ 8, 6 ] 9h 7h"	10501	21.00%
"951 [ 44, 5 ] 6c 6h"	10499	21.00%
"308 [ 25, 8 ] kd 9h"	10495	20.99%
"573 [ 34, 12 ] 9s kh"	10480	20.96%
"1035 [ 46, 0 ] 8c ah"	10479	20.96%
"345 [ 26, 20 ] as 8d"	10446	20.89%
"687 [ 37, 21 ] qs 9d"	10416	20.83%
"295 [ 24, 19 ] qd 7d"	10415	20.83%
"1246 [ 50, 21 ] qc 9d"	10406	20.81%
"250 [ 22, 19 ] td 7d"	10402	20.80%
"483 [ 31, 18 ] 6s 6d"	10388	20.78%
"1118 [ 47, 37 ] 9c qs"	10380	20.76%
"1090 [ 47, 9 ] 9c th"	10372	20.74%
"1105 [ 47, 24 ] 9c qd"	10370	20.74%
"158 [ 18, 5 ] 6d 6h"	10367	20.73%
"1103 [ 47, 22 ] 9c td"	10367	20.73%
"317 [ 25, 17 ] kd 5d"	10364	20.73%
"977 [ 44, 31 ] 6c 6s"	10364	20.73%
"1117 [ 47, 36 ] 9c js"	10363	20.73%
"27 [ 7, 6 ] 8h 7h"	10339	20.68%
"964 [ 44, 18 ] 6c 6d"	10337	20.67%
"1173 [ 48, 45 ] tc 7c"	10335	20.67%
"1162 [ 48, 34 ] tc 9s"	10333	20.67%
"435 [ 30, 0 ] 5s ah"	10332	20.66%
"219 [ 21, 9 ] 9d th"	10329	20.66%
"220 [ 21, 10 ] 9d jh"	10329	20.66%
"584 [ 34, 23 ] 9s jd"	10327	20.65%
"61 [ 11, 6 ] qh 7h"	10324	20.65%
"760 [ 39, 19 ] ac 7d"	10321	20.64%
"171 [ 19, 0 ] 7d ah"	10320	20.64%
"616 [ 35, 21 ] ts 9d"	10311	20.62%
"1233 [ 50, 8 ] qc 9h"	10308	20.62%
"1116 [ 47, 35 ] 9c ts"	10307	20.61%
"1149 [ 48, 21 ] tc 9d"	10303	20.61%
"603 [ 35, 8 ] ts 9h"	10299	20.60%
"572 [ 34, 11 ] 9s qh"	10298	20.60%
"570 [ 34, 9 ] 9s th"	10297	20.59%
"1016 [ 45, 26 ] 7c as"	10295	20.59%
"1092 [ 47, 11 ] 9c qh"	10293	20.59%
"69 [ 12, 3 ] kh 4h"	10292	20.58%
"221 [ 21, 11 ] 9d qh"	10288	20.58%
"1270 [ 50, 45 ] qc 7c"	10281	20.56%
"51 [ 10, 6 ] jh 7h"	10280	20.56%
"1136 [ 48, 8 ] tc 9h"	10278	20.56%
"284 [ 24, 8 ] qd 9h"	10275	20.55%
"627 [ 35, 32 ] ts 7s"	10272	20.54%
"674 [ 37, 8 ] qs 9h"	10267	20.53%
"583 [ 34, 22 ] 9s td"	10260	20.52%
"209 [ 20, 19 ] 8d 7d"	10257	20.51%
"1317 [ 51, 42 ] kc 4c"	10257	20.51%
"331 [ 26, 6 ] as 7h"	10255	20.51%
"560 [ 33, 32 ] 8s 7s"	10250	20.50%
"316 [ 25, 16 ] kd 4d"	10245	20.49%
"42 [ 9, 6 ] th 7h"	10239	20.48%
"136 [ 17, 0 ] 5d ah"	10239	20.48%
"1259 [ 50, 34 ] qc 9s"	10239	20.48%
"239 [ 22, 8 ] td 9h"	10235	20.47%
"448 [ 30, 13 ] 5s ad"	10219	20.44%
"1003 [ 45, 13 ] 7c ad"	10218	20.44%
"1184 [ 49, 8 ] jc 9h"	10218	20.44%
"698 [ 37, 32 ] qs 7s"	10212	20.42%
"758 [ 39, 17 ] ac 5d"	10212	20.42%
"496 [ 32, 0 ] 7s ah"	10209	20.42%
"593 [ 34, 32 ] 9s 7s"	10207	20.41%
"747 [ 39, 6 ] ac 7h"	10207	20.41%
"1091 [ 47, 10 ] 9c jh"	10207	20.41%
"229 [ 21, 19 ] 9d 7d"	10199	20.40%
"651 [ 36, 21 ] js 9d"	10197	20.39%
"745 [ 39, 4 ] ac 5h"	10195	20.39%
"638 [ 36, 8 ] js 9h"	10191	20.38%
"1126 [ 47, 45 ] 9c 7c"	10191	20.38%
"82 [ 13, 4 ] ad 5h"	10190	20.38%
"329 [ 26, 4 ] as 5h"	10189	20.38%
"1197 [ 49, 21 ] jc 9d"	10187	20.37%
"261 [ 23, 8 ] jd 9h"	10182	20.36%
"571 [ 34, 10 ] 9s jh"	10176	20.35%
"662 [ 36, 32 ] js 7s"	10176	20.35%
"1221 [ 49, 45 ] jc 7c"	10174	20.35%
"60 [ 11, 5 ] qh 6h"	10168	20.34%
"771 [ 39, 30 ] ac 5s"	10167	20.33%
"929 [ 43, 26 ] 5c as"	10167	20.33%
"1210 [ 49, 34 ] jc 9s"	10163	20.33%
"1080 [ 46, 45 ] 8c 7c"	10162	20.32%
"315 [ 25, 15 ] kd 3d"	10159	20.32%
"773 [ 39, 32 ] ac 7s"	10150	20.30%
"990 [ 45, 0 ] 7c ah"	10137	20.27%
"509 [ 32, 13 ] 7s ad"	10131	20.26%
"272 [ 23, 19 ] jd 7d"	10128	20.26%
"916 [ 43, 13 ] 5c ad"	10128	20.26%
"1104 [ 47, 23 ] 9c jd"	10128	20.26%
"732 [ 38, 29 ] ks 4s"	10126	20.25%
"1269 [ 50, 44 ] qc 6c"	10105	20.21%
"585 [ 34, 24 ] 9s qd"	10096	20.19%
"68 [ 12, 2 ] kh 3h"	10062	20.12%
"84 [ 13, 6 ] ad 7h"	10037	20.07%
"342 [ 26, 17 ] as 5d"	10031	20.06%
"903 [ 43, 0 ] 5c ah"	10027	20.05%
"344 [ 26, 19 ] as 7d"	10016	20.03%
"874 [ 42, 13 ] 4c ad"	10002	20.00%
"697 [ 37, 31 ] qs 6s"	9988	19.98%
"731 [ 38, 28 ] ks 3s"	9966	19.93%
"465 [ 31, 0 ] 6s ah"	9953	19.91%
"341 [ 26, 16 ] as 4d"	9936	19.87%
"343 [ 26, 18 ] as 6d"	9934	19.87%
"1316 [ 51, 41 ] kc 3c"	9925	19.85%
"67 [ 12, 1 ] kh 2h"	9918	19.84%
"772 [ 39, 31 ] ac 6s"	9898	19.80%
"887 [ 42, 26 ] 4c as"	9896	19.79%
"120 [ 16, 0 ] 4d ah"	9895	19.79%
"1315 [ 51, 40 ] kc 2c"	9870	19.74%
"294 [ 24, 18 ] qd 6d"	9869	19.74%
"959 [ 44, 13 ] 6c ad"	9847	19.69%
"759 [ 39, 18 ] ac 6d"	9846	19.69%
"59 [ 11, 4 ] qh 5h"	9815	19.63%
"861 [ 42, 0 ] 4c ah"	9807	19.61%
"328 [ 26, 3 ] as 4h"	9806	19.61%
"293 [ 24, 17 ] qd 5d"	9804	19.61%
"757 [ 39, 16 ] ac 4d"	9799	19.60%
"744 [ 39, 3 ] ac 4h"	9776	19.55%
"81 [ 13, 3 ] ad 4h"	9767	19.53%
"20 [ 6, 5 ] 7h 6h"	9765	19.53%
"1034 [ 45, 44 ] 7c 6c"	9763	19.53%
"1047 [ 46, 12 ] 8c kh"	9763	19.53%
"189 [ 19, 18 ] 7d 6d"	9736	19.47%
"972 [ 44, 26 ] 6c as"	9726	19.45%
"314 [ 25, 14 ] kd 2d"	9722	19.44%
"140 [ 17, 4 ] 5d 5h"	9719	19.44%
"1268 [ 50, 43 ] qc 5c"	9715	19.43%
"83 [ 13, 5 ] ad 6h"	9707	19.41%
"527 [ 32, 31 ] 7s 6s"	9706	19.41%
"770 [ 39, 29 ] ac 4s"	9706	19.41%
"153 [ 18, 0 ] 6d ah"	9700	19.40%
"330 [ 26, 5 ] as 6h"	9695	19.39%
"406 [ 29, 0 ] 4s ah"	9691	19.38%
"1308 [ 51, 33 ] kc 8s"	9690	19.38%
"478 [ 31, 13 ] 6s ad"	9686	19.37%
"730 [ 38, 27 ] ks 2s"	9684	19.37%
"946 [ 44, 0 ] 6c ah"	9671	19.34%
"696 [ 37, 30 ] qs 5s"	9668	19.34%
"746 [ 39, 5 ] ac 6h"	9665	19.33%
"710 [ 38, 7 ] ks 8h"	9657	19.31%
"202 [ 20, 12 ] 8d kh"	9656	19.31%
"1060 [ 46, 25 ] 8c kd"	9656	19.31%
"559 [ 33, 31 ] 8s 6s"	9654	19.31%
"907 [ 43, 4 ] 5c 5h"	9653	19.31%
"419 [ 29, 13 ] 4s ad"	9650	19.30%
"540 [ 33, 12 ] 8s kh"	9644	19.29%
"920 [ 43, 17 ] 5c 5d"	9639	19.28%
"452 [ 30, 17 ] 5s 5d"	9631	19.26%
"1267 [ 50, 42 ] qc 4c"	9622	19.24%
"58 [ 11, 3 ] qh 4h"	9618	19.24%
"307 [ 25, 7 ] kd 8h"	9600	19.20%
"208 [ 20, 18 ] 8d 6d"	9596	19.19%
"723 [ 38, 20 ] ks 8d"	9596	19.19%
"439 [ 30, 4 ] 5s 5h"	9589	19.18%
"1073 [ 46, 38 ] 8c ks"	9589	19.18%
"249 [ 22, 18 ] td 6d"	9575	19.15%
"378 [ 28, 0 ] 3s ah"	9572	19.14%
"592 [ 34, 31 ] 9s 6s"	9557	19.11%
"391 [ 28, 13 ] 3s ad"	9553	19.11%
"26 [ 7, 5 ] 8h 6h"	9549	19.10%
"50 [ 10, 5 ] jh 6h"	9545	19.09%
"41 [ 9, 5 ] th 6h"	9537	19.07%
"105 [ 15, 0 ] 3d ah"	9535	19.07%
"626 [ 35, 31 ] ts 6s"	9535	19.07%
"933 [ 43, 30 ] 5c 5s"	9534	19.07%
"820 [ 41, 0 ] 3c ah"	9527	19.05%
"1079 [ 46, 44 ] 8c 6c"	9526	19.05%
"228 [ 21, 18 ] 9d 6d"	9521	19.04%
"1295 [ 51, 20 ] kc 8d"	9520	19.04%
"1220 [ 49, 44 ] jc 6c"	9510	19.02%
"292 [ 24, 16 ] qd 4d"	9502	19.00%
"271 [ 23, 18 ] jd 6d"	9495	18.99%
"327 [ 26, 2 ] as 3h"	9491	18.98%
"340 [ 26, 15 ] as 3d"	9489	18.98%
"550 [ 33, 22 ] 8s td"	9489	18.98%
"553 [ 33, 25 ] 8s kd"	9485	18.97%
"769 [ 39, 28 ] ac 3s"	9484	18.97%
"1125 [ 47, 44 ] 9c 6c"	9482	18.96%
"756 [ 39, 15 ] ac 3d"	9476	18.95%
"695 [ 37, 29 ] qs 4s"	9463	18.93%
"1209 [ 49, 33 ] jc 8s"	9438	18.88%
"1282 [ 51, 7 ] kc 8h"	9437	18.87%
"270 [ 23, 17 ] jd 5d"	9433	18.87%
"833 [ 41, 13 ] 3c ad"	9432	18.86%
"1172 [ 48, 44 ] tc 6c"	9426	18.85%
"80 [ 13, 2 ] ad 3h"	9423	18.85%
"199 [ 20, 9 ] 8d th"	9419	18.84%
"1002 [ 45, 12 ] 7c kh"	9415	18.83%
"743 [ 39, 2 ] ac 3h"	9411	18.82%
"1135 [ 48, 7 ] tc 8h"	9405	18.81%
"615 [ 35, 20 ] ts 8d"	9400	18.80%
"183 [ 19, 12 ] 7d kh"	9390	18.78%
"1258 [ 50, 33 ] qc 8s"	9380	18.76%
"661 [ 36, 31 ] js 6s"	9373	18.75%
"238 [ 22, 7 ] td 8h"	9372	18.74%
"1161 [ 48, 33 ] tc 8s"	9371	18.74%
"1028 [ 45, 38 ] 7c ks"	9364	18.73%
"673 [ 37, 7 ] qs 8h"	9358	18.72%
"33 [ 8, 5 ] 9h 6h"	9352	18.70%
"1219 [ 49, 43 ] jc 5c"	9350	18.70%
"1245 [ 50, 20 ] qc 8d"	9349	18.70%
"1046 [ 46, 11 ] 8c qh"	9345	18.69%
"694 [ 37, 28 ] qs 3s"	9333	18.67%
"1015 [ 45, 25 ] 7c kd"	9324	18.65%
"846 [ 41, 26 ] 3c as"	9315	18.63%
"1232 [ 50, 7 ] qc 8h"	9315	18.63%
"495 [ 31, 30 ] 6s 5s"	9310	18.62%
"650 [ 36, 20 ] js 8d"	9309	18.62%
"1057 [ 46, 22 ] 8c td"	9309	18.62%
"291 [ 24, 15 ] qd 3d"	9307	18.61%
"1072 [ 46, 37 ] 8c qs"	9306	18.61%
"201 [ 20, 11 ] 8d qh"	9297	18.59%
"660 [ 36, 30 ] js 5s"	9297	18.59%
"260 [ 23, 7 ] jd 8h"	9295	18.59%
"552 [ 33, 24 ] 8s qd"	9285	18.57%
"537 [ 33, 9 ] 8s th"	9277	18.55%
"989 [ 44, 43 ] 6c 5c"	9272	18.54%
"1281 [ 51, 6 ] kc 7h"	9272	18.54%
"1070 [ 46, 35 ] 8c ts"	9270	18.54%
"1045 [ 46, 10 ] 8c jh"	9266	18.53%
"709 [ 38, 6 ] ks 7h"	9264	18.53%
"1044 [ 46, 9 ] 8c th"	9264	18.53%
"79 [ 13, 1 ] ad 2h"	9258	18.52%
"1071 [ 46, 36 ] 8c js"	9256	18.51%
"1148 [ 48, 20 ] tc 8d"	9250	18.50%
"1196 [ 49, 20 ] jc 8d"	9244	18.49%
"1294 [ 51, 19 ] kc 7d"	9239	18.48%
"538 [ 33, 10 ] 8s jh"	9235	18.47%
"306 [ 25, 6 ] kd 7h"	9234	18.47%
"1069 [ 46, 34 ] 8c 9s"	9232	18.46%
"198 [ 20, 8 ] 8d 9h"	9222	18.44%
"326 [ 26, 1 ] as 2h"	9221	18.44%
"539 [ 33, 11 ] 8s qh"	9221	18.44%
"1101 [ 47, 20 ] 9c 8d"	9220	18.44%
"57 [ 11, 2 ] qh 3h"	9215	18.43%
"48 [ 10, 3 ] jh 4h"	9208	18.42%
"568 [ 34, 7 ] 9s 8h"	9205	18.41%
"1059 [ 46, 24 ] 8c qd"	9203	18.41%
"200 [ 20, 10 ] 8d jh"	9201	18.40%
"217 [ 21, 7 ] 9d 8h"	9201	18.40%
"1058 [ 46, 23 ] 8c jd"	9194	18.39%
"806 [ 40, 26 ] 2c as"	9191	18.38%
"521 [ 32, 25 ] 7s kd"	9190	18.38%
"551 [ 33, 23 ] 8s jd"	9187	18.37%
"170 [ 18, 17 ] 6d 5d"	9176	18.35%
"283 [ 24, 7 ] qd 8h"	9172	18.34%
"637 [ 36, 7 ] js 8h"	9172	18.34%
"1266 [ 50, 41 ] qc 3c"	9165	18.33%
"549 [ 33, 21 ] 8s 9d"	9161	18.32%
"602 [ 35, 7 ] ts 8h"	9160	18.32%
"339 [ 26, 14 ] as 2d"	9155	18.31%
"364 [ 27, 13 ] 2s ad"	9153	18.31%
"56 [ 11, 1 ] qh 2h"	9151	18.30%
"686 [ 37, 20 ] qs 8d"	9150	18.30%
"1307 [ 51, 32 ] kc 7s"	9150	18.30%
"508 [ 32, 12 ] 7s kh"	9141	18.28%
"49 [ 10, 4 ] jh 5h"	9136	18.27%
"526 [ 32, 30 ] 7s 5s"	9136	18.27%
"722 [ 38, 19 ] ks 7d"	9136	18.27%
"91 [ 14, 0 ] 2d ah"	9134	18.27%
"1114 [ 47, 33 ] 9c 8s"	9131	18.26%
"755 [ 39, 14 ] ac 2d"	9125	18.25%
"1183 [ 49, 7 ] jc 8h"	9120	18.24%
"351 [ 27, 0 ] 2s ah"	9119	18.24%
"1056 [ 46, 21 ] 8c 9d"	9113	18.23%
"1043 [ 46, 8 ] 8c 9h"	9112	18.22%
"984 [ 44, 38 ] 6c ks"	9108	18.22%
"1088 [ 47, 7 ] 9c 8h"	9103	18.21%
"14 [ 5, 4 ] 6h 5h"	9102	18.20%
"536 [ 33, 8 ] 8s 9h"	9097	18.19%
"768 [ 39, 27 ] ac 2s"	9094	18.19%
"693 [ 37, 27 ] qs 2s"	9084	18.17%
"9 [ 4, 3 ] 5h 4h"	9070	18.14%
"1033 [ 45, 43 ] 7c 5c"	9068	18.14%
"1265 [ 50, 40 ] qc 2c"	9056	18.11%
"625 [ 35, 30 ] ts 5s"	9045	18.09%
"581 [ 34, 20 ] 9s 8d"	9044	18.09%
"659 [ 36, 29 ] js 4s"	9043	18.09%
"793 [ 40, 13 ] 2c ad"	9031	18.06%
"152 [ 17, 16 ] 5d 4d"	9018	18.04%
"780 [ 40, 0 ] 2c ah"	9016	18.03%
"19 [ 6, 4 ] 7h 5h"	9013	18.03%
"409 [ 29, 3 ] 4s 4h"	9012	18.02%
"958 [ 44, 12 ] 6c kh"	9012	18.02%
"188 [ 19, 17 ] 7d 5d"	9008	18.02%
"464 [ 30, 29 ] 5s 4s"	8999	18.00%
"123 [ 16, 3 ] 4d 4h"	8989	17.98%
"269 [ 23, 16 ] jd 4d"	8989	17.98%
"290 [ 24, 14 ] qd 2d"	8987	17.97%
"1293 [ 51, 18 ] kc 6d"	8963	17.93%
"1078 [ 46, 43 ] 8c 5c"	8955	17.91%
"207 [ 20, 17 ] 8d 5d"	8941	17.88%
"1280 [ 51, 5 ] kc 6h"	8937	17.87%
"305 [ 25, 5 ] kd 6h"	8934	17.87%
"945 [ 43, 42 ] 5c 4c"	8934	17.87%
"558 [ 33, 30 ] 8s 5s"	8933	17.87%
"890 [ 42, 29 ] 4c 4s"	8921	17.84%
"877 [ 42, 16 ] 4c 4d"	8912	17.82%
"1218 [ 49, 42 ] jc 4c"	8912	17.82%
"721 [ 38, 18 ] ks 6d"	8907	17.81%
"708 [ 38, 5 ] ks 6h"	8896	17.79%
"477 [ 31, 12 ] 6s kh"	8894	17.79%
"742 [ 39, 1 ] ac 2h"	8889	17.78%
"490 [ 31, 25 ] 6s kd"	8872	17.74%
"1306 [ 51, 31 ] kc 6s"	8867	17.73%
"971 [ 44, 25 ] 6c kd"	8863	17.73%
"864 [ 42, 3 ] 4c 4h"	8856	17.71%
"1171 [ 48, 43 ] tc 5c"	8844	17.69%
"422 [ 29, 16 ] 4s 4d"	8834	17.67%
"32 [ 8, 4 ] 9h 5h"	8822	17.64%
"47 [ 10, 2 ] jh 3h"	8820	17.64%
"1217 [ 49, 41 ] jc 3c"	8814	17.63%
"165 [ 18, 12 ] 6d kh"	8793	17.59%
"591 [ 34, 30 ] 9s 5s"	8786	17.57%
"25 [ 7, 4 ] 8h 5h"	8783	17.57%
"40 [ 9, 4 ] th 5h"	8757	17.51%
"941 [ 43, 38 ] 5c ks"	8737	17.47%
"169 [ 18, 16 ] 6d 4d"	8734	17.47%
"268 [ 23, 15 ] jd 3d"	8732	17.46%
"248 [ 22, 17 ] td 5d"	8711	17.42%
"658 [ 36, 28 ] js 3s"	8709	17.42%
"707 [ 38, 4 ] ks 5h"	8701	17.40%
"227 [ 21, 17 ] 9d 5d"	8682	17.36%
"1305 [ 51, 30 ] kc 5s"	8678	17.36%
"148 [ 17, 12 ] 5d kh"	8668	17.34%
"13 [ 5, 3 ] 6h 4h"	8663	17.33%
"39 [ 9, 3 ] th 4h"	8654	17.31%
"282 [ 24, 6 ] qd 7h"	8650	17.30%
"928 [ 43, 25 ] 5c kd"	8649	17.30%
"494 [ 31, 29 ] 6s 4s"	8636	17.27%
"988 [ 44, 42 ] 6c 4c"	8636	17.27%
"720 [ 38, 17 ] ks 5d"	8635	17.27%
"1244 [ 50, 19 ] qc 7d"	8633	17.27%
"1124 [ 47, 43 ] 9c 5c"	8632	17.26%
"447 [ 30, 12 ] 5s kh"	8623	17.25%
"503 [ 32, 7 ] 7s 8h"	8620	17.24%
"624 [ 35, 29 ] ts 4s"	8618	17.24%
"1292 [ 51, 17 ] kc 5d"	8610	17.22%
"247 [ 22, 16 ] td 4d"	8601	17.20%
"178 [ 19, 7 ] 7d 8h"	8587	17.17%
"915 [ 43, 12 ] 5c kh"	8569	17.14%
"380 [ 28, 2 ] 3s 3h"	8565	17.13%
"534 [ 33, 6 ] 8s 7h"	8563	17.13%
"997 [ 45, 7 ] 7c 8h"	8562	17.12%
"835 [ 41, 15 ] 3c 3d"	8558	17.12%
"460 [ 30, 25 ] 5s kd"	8553	17.11%
"999 [ 45, 9 ] 7c th"	8552	17.10%
"393 [ 28, 15 ] 3s 3d"	8545	17.09%
"304 [ 25, 4 ] kd 5h"	8542	17.08%
"1014 [ 45, 24 ] 7c qd"	8539	17.08%
"1170 [ 48, 42 ] tc 4c"	8538	17.08%
"107 [ 15, 2 ] 3d 3h"	8535	17.07%
"517 [ 32, 21 ] 7s 9d"	8532	17.06%
"46 [ 10, 1 ] jh 2h"	8531	17.06%
"547 [ 33, 19 ] 8s 7d"	8526	17.05%
"196 [ 20, 6 ] 8d 7h"	8525	17.05%
"1216 [ 49, 40 ] jc 2c"	8524	17.05%
"657 [ 36, 27 ] js 2s"	8514	17.03%
"151 [ 17, 15 ] 5d 3d"	8513	17.03%
"1147 [ 48, 19 ] tc 7d"	8513	17.03%
"1134 [ 48, 6 ] tc 7h"	8511	17.02%
"1279 [ 51, 4 ] kc 5h"	8503	17.01%
"1231 [ 50, 6 ] qc 7h"	8494	16.99%
"132 [ 16, 12 ] 4d kh"	8482	16.96%
"8 [ 4, 2 ] 5h 3h"	8481	16.96%
"520 [ 32, 24 ] 7s qd"	8479	16.96%
"505 [ 32, 9 ] 7s th"	8478	16.96%
"1000 [ 45, 10 ] 7c jh"	8477	16.95%
"1067 [ 46, 32 ] 8c 7s"	8468	16.94%
"1160 [ 48, 32 ] tc 7s"	8468	16.94%
"601 [ 35, 6 ] ts 7h"	8458	16.92%
"649 [ 36, 19 ] js 7d"	8458	16.92%
"1304 [ 51, 29 ] kc 4s"	8458	16.92%
"672 [ 37, 6 ] qs 7h"	8455	16.91%
"1023 [ 45, 33 ] 7c 8s"	8450	16.90%
"614 [ 35, 19 ] ts 7d"	8444	16.89%
"706 [ 38, 3 ] ks 4h"	8433	16.87%
"1054 [ 46, 19 ] 8c 7d"	8427	16.85%
"1100 [ 47, 19 ] 9c 7d"	8427	16.85%
"187 [ 19, 16 ] 7d 4d"	8426	16.85%
"1032 [ 45, 42 ] 7c 4c"	8426	16.85%
"899 [ 42, 38 ] 4c ks"	8425	16.85%
"1010 [ 45, 20 ] 7c 8d"	8425	16.85%
"1278 [ 51, 3 ] kc 4h"	8423	16.85%
"182 [ 19, 11 ] 7d qh"	8419	16.84%
"1011 [ 45, 21 ] 7c 9d"	8417	16.83%
"1012 [ 45, 22 ] 7c td"	8414	16.83%
"685 [ 37, 19 ] qs 7d"	8413	16.83%
"181 [ 19, 10 ] 7d jh"	8412	16.82%
"1041 [ 46, 6 ] 8c 7h"	8412	16.82%
"267 [ 23, 14 ] jd 2d"	8399	16.80%
"1257 [ 50, 32 ] qc 7s"	8399	16.80%
"18 [ 6, 3 ] 7h 4h"	8391	16.78%
"504 [ 32, 8 ] 7s 9h"	8377	16.75%
"216 [ 21, 6 ] 9d 7h"	8376	16.75%
"636 [ 36, 6 ] js 7h"	8376	16.75%
"518 [ 32, 22 ] 7s td"	8367	16.73%
"1025 [ 45, 35 ] 7c ts"	8367	16.73%
"259 [ 23, 6 ] jd 7h"	8363	16.73%
"516 [ 32, 20 ] 7s 8d"	8362	16.72%
"431 [ 29, 25 ] 4s kd"	8357	16.71%
"1026 [ 45, 36 ] 7c js"	8355	16.71%
"525 [ 32, 29 ] 7s 4s"	8350	16.70%
"671 [ 37, 5 ] qs 6h"	8346	16.69%
"1169 [ 48, 41 ] tc 3c"	8345	16.69%
"998 [ 45, 8 ] 7c 9h"	8338	16.68%
"1291 [ 51, 16 ] kc 4d"	8336	16.67%
"418 [ 29, 12 ] 4s kh"	8335	16.67%
"822 [ 41, 2 ] 3c 3h"	8334	16.67%
"1195 [ 49, 19 ] jc 7d"	8330	16.66%
"1087 [ 47, 6 ] 9c 7h"	8328	16.66%
"567 [ 34, 6 ] 9s 7h"	8327	16.65%
"1013 [ 45, 23 ] 7c jd"	8327	16.65%
"1027 [ 45, 37 ] 7c qs"	8327	16.65%
"507 [ 32, 11 ] 7s qh"	8321	16.64%
"873 [ 42, 12 ] 4c kh"	8312	16.62%
"1113 [ 47, 32 ] 9c 7s"	8312	16.62%
"622 [ 35, 27 ] ts 2s"	8310	16.62%
"303 [ 25, 3 ] kd 4h"	8307	16.61%
"1001 [ 45, 11 ] 7c qh"	8304	16.61%
"1024 [ 45, 34 ] 7c 9s"	8303	16.61%
"1208 [ 49, 32 ] jc 7s"	8302	16.60%
"886 [ 42, 25 ] 4c kd"	8300	16.60%
"506 [ 32, 10 ] 7s jh"	8298	16.60%
"944 [ 43, 41 ] 5c 3c"	8291	16.58%
"463 [ 30, 28 ] 5s 3s"	8283	16.57%
"180 [ 19, 9 ] 7d th"	8281	16.56%
"1182 [ 49, 6 ] jc 7h"	8279	16.56%
"848 [ 41, 28 ] 3c 3s"	8276	16.55%
"246 [ 22, 15 ] td 3d"	8270	16.54%
"580 [ 34, 19 ] 9s 7d"	8265	16.53%
"38 [ 9, 2 ] th 3h"	8260	16.52%
"237 [ 22, 6 ] td 7h"	8247	16.49%
"557 [ 33, 29 ] 8s 4s"	8245	16.49%
"24 [ 7, 3 ] 8h 4h"	8236	16.47%
"179 [ 19, 8 ] 7d 9h"	8233	16.47%
"719 [ 38, 16 ] ks 4d"	8231	16.46%
"31 [ 8, 3 ] 9h 4h"	8205	16.41%
"1256 [ 50, 31 ] qc 6s"	8198	16.40%
"832 [ 41, 12 ] 3c kh"	8192	16.38%
"519 [ 32, 23 ] 7s jd"	8187	16.37%
"164 [ 18, 11 ] 6d qh"	8181	16.36%
"623 [ 35, 28 ] ts 3s"	8181	16.36%
"206 [ 20, 16 ] 8d 4d"	8169	16.34%
"1230 [ 50, 5 ] qc 6h"	8165	16.33%
"845 [ 41, 25 ] 3c kd"	8155	16.31%
"970 [ 44, 24 ] 6c qd"	8151	16.30%
"1290 [ 51, 15 ] kc 3d"	8135	16.27%
"1168 [ 48, 40 ] tc 2c"	8123	16.25%
"705 [ 38, 2 ] ks 3h"	8113	16.23%
"37 [ 9, 1 ] th 2h"	8112	16.22%
"226 [ 21, 16 ] 9d 4d"	8105	16.21%
"281 [ 24, 5 ] qd 6h"	8103	16.21%
"794 [ 40, 14 ] 2c 2d"	8103	16.21%
"1243 [ 50, 18 ] qc 6d"	8103	16.21%
"489 [ 31, 24 ] 6s qd"	8100	16.20%
"1077 [ 46, 42 ] 8c 4c"	8098	16.20%
"92 [ 14, 1 ] 2d 2h"	8095	16.19%
"858 [ 41, 38 ] 3c ks"	8094	16.19%
"957 [ 44, 11 ] 6c qh"	8091	16.18%
"1277 [ 51, 2 ] kc 3h"	8087	16.17%
"302 [ 25, 2 ] kd 3h"	8084	16.17%
"983 [ 44, 37 ] 6c qs"	8076	16.15%
"403 [ 28, 25 ] 3s kd"	8068	16.14%
"476 [ 31, 11 ] 6s qh"	8064	16.13%
"1303 [ 51, 28 ] kc 3s"	8062	16.12%
"684 [ 37, 18 ] qs 6d"	8050	16.10%
"117 [ 15, 12 ] 3d kh"	8034	16.07%
"718 [ 38, 15 ] ks 3d"	8023	16.05%
"135 [ 16, 15 ] 4d 3d"	8020	16.04%
"781 [ 40, 1 ] 2c 2h"	8015	16.03%
"365 [ 27, 14 ] 2s 2d"	8011	16.02%
"390 [ 28, 12 ] 3s kh"	8011	16.02%
"30 [ 8, 2 ] 9h 3h"	8010	16.02%
"952 [ 44, 6 ] 6c 7h"	8008	16.02%
"245 [ 22, 14 ] td 2d"	8002	16.00%
"1123 [ 47, 42 ] 9c 4c"	7999	16.00%
"902 [ 42, 41 ] 4c 3c"	7998	16.00%
"434 [ 29, 28 ] 4s 3s"	7997	15.99%
"280 [ 24, 4 ] qd 5h"	7995	15.99%
"471 [ 31, 6 ] 6s 7h"	7990	15.98%
"1242 [ 50, 17 ] qc 5d"	7988	15.98%
"807 [ 40, 27 ] 2c 2s"	7987	15.97%
"987 [ 44, 41 ] 6c 3c"	7984	15.97%
"5 [ 3, 2 ] 4h 3h"	7969	15.94%
"168 [ 18, 15 ] 6d 3d"	7957	15.91%
"446 [ 30, 11 ] 5s qh"	7955	15.91%
"1229 [ 50, 4 ] qc 5h"	7950	15.90%
"590 [ 34, 29 ] 9s 4s"	7946	15.89%
"484 [ 31, 19 ] 6s 7d"	7932	15.86%
"914 [ 43, 11 ] 5c qh"	7930	15.86%
"352 [ 27, 1 ] 2s 2h"	7929	15.86%
"459 [ 30, 24 ] 5s qd"	7928	15.86%
"1066 [ 46, 31 ] 8c 6s"	7924	15.85%
"176 [ 19, 5 ] 7d 6h"	7902	15.80%
"792 [ 40, 12 ] 2c kh"	7902	15.80%
"493 [ 31, 28 ] 6s 3s"	7900	15.80%
"1255 [ 50, 30 ] qc 5s"	7892	15.78%
"147 [ 17, 11 ] 5d qh"	7882	15.76%
"589 [ 34, 28 ] 9s 3s"	7880	15.76%
"966 [ 44, 20 ] 6c 8d"	7876	15.75%
"927 [ 43, 24 ] 5c qd"	7870	15.74%
"501 [ 32, 5 ] 7s 6h"	7869	15.74%
"995 [ 45, 5 ] 7c 6h"	7868	15.74%
"301 [ 25, 1 ] kd 2h"	7861	15.72%
"514 [ 32, 18 ] 7s 6d"	7856	15.71%
"1122 [ 47, 41 ] 9c 3c"	7851	15.70%
"485 [ 31, 20 ] 6s 8d"	7848	15.70%
"1021 [ 45, 31 ] 7c 6s"	7838	15.68%
"546 [ 33, 18 ] 8s 6d"	7834	15.67%
"1040 [ 46, 5 ] 8c 6h"	7827	15.65%
"978 [ 44, 32 ] 6c 7s"	7826	15.65%
"159 [ 18, 6 ] 6d 7h"	7821	15.64%
"12 [ 5, 2 ] 6h 3h"	7816	15.63%
"683 [ 37, 17 ] qs 5d"	7814	15.63%
"940 [ 43, 37 ] 5c qs"	7814	15.63%
"818 [ 40, 38 ] 2c ks"	7800	15.60%
"704 [ 38, 1 ] ks 2h"	7788	15.58%
"1302 [ 51, 27 ] kc 2s"	7785	15.57%
"1289 [ 51, 14 ] kc 2d"	7784	15.57%
"103 [ 14, 12 ] 2d kh"	7779	15.56%
"669 [ 37, 3 ] qs 4h"	7778	15.56%
"1133 [ 48, 5 ] tc 6h"	7778	15.56%
"376 [ 27, 25 ] 2s kd"	7777	15.55%
"1008 [ 45, 18 ] 7c 6d"	7772	15.54%
"805 [ 40, 25 ] 2c kd"	7771	15.54%
"965 [ 44, 19 ] 6c 7d"	7767	15.53%
"1276 [ 51, 1 ] kc 2h"	7767	15.53%
"225 [ 21, 15 ] 9d 3d"	7761	15.52%
"953 [ 44, 7 ] 6c 8h"	7747	15.49%
"363 [ 27, 12 ] 2s kh"	7743	15.49%
"186 [ 19, 15 ] 7d 3d"	7740	15.48%
"195 [ 20, 5 ] 8d 6h"	7736	15.47%
"670 [ 37, 4 ] qs 5h"	7730	15.46%
"981 [ 44, 35 ] 6c ts"	7730	15.46%
"162 [ 18, 9 ] 6d th"	7728	15.46%
"1146 [ 48, 18 ] tc 6d"	7723	15.45%
"943 [ 43, 40 ] 5c 2c"	7720	15.44%
"472 [ 31, 7 ] 6s 8h"	7719	15.44%
"533 [ 33, 5 ] 8s 6h"	7707	15.41%
"1254 [ 50, 29 ] qc 4s"	7707	15.41%
"613 [ 35, 18 ] ts 6d"	7705	15.41%
"430 [ 29, 24 ] 4s qd"	7704	15.41%
"969 [ 44, 23 ] 6c jd"	7698	15.40%
"1031 [ 45, 41 ] 7c 3c"	7695	15.39%
"524 [ 32, 28 ] 7s 3s"	7691	15.38%
"885 [ 42, 24 ] 4c qd"	7688	15.38%
"1086 [ 47, 5 ] 9c 6h"	7668	15.34%
"474 [ 31, 9 ] 6s th"	7665	15.33%
"462 [ 30, 27 ] 5s 2s"	7657	15.31%
"1053 [ 46, 18 ] 8c 6d"	7655	15.31%
"7 [ 4, 1 ] 5h 2h"	7654	15.31%
"1228 [ 50, 3 ] qc 4h"	7649	15.30%
"600 [ 35, 5 ] ts 6h"	7648	15.30%
"968 [ 44, 22 ] 6c td"	7645	15.29%
"215 [ 21, 5 ] 9d 6h"	7636	15.27%
"29 [ 8, 1 ] 9h 2h"	7634	15.27%
"979 [ 44, 33 ] 6c 8s"	7631	15.26%
"956 [ 44, 10 ] 6c jh"	7630	15.26%
"131 [ 16, 11 ] 4d qh"	7628	15.26%
"717 [ 38, 14 ] ks 2d"	7624	15.25%
"682 [ 37, 16 ] qs 4d"	7623	15.25%
"980 [ 44, 34 ] 6c 9s"	7623	15.25%
"487 [ 31, 22 ] 6s td"	7622	15.24%
"588 [ 34, 27 ] 9s 2s"	7621	15.24%
"982 [ 44, 36 ] 6c js"	7618	15.24%
"224 [ 21, 14 ] 9d 2d"	7614	15.23%
"475 [ 31, 10 ] 6s jh"	7613	15.23%
"967 [ 44, 21 ] 6c 9d"	7613	15.23%
"236 [ 22, 5 ] td 6h"	7611	15.22%
"898 [ 42, 37 ] 4c qs"	7603	15.21%
"1159 [ 48, 31 ] tc 6s"	7603	15.21%
"579 [ 34, 18 ] 9s 6d"	7596	15.19%
"872 [ 42, 11 ] 4c qh"	7593	15.19%
"473 [ 31, 8 ] 6s 9h"	7592	15.18%
"1181 [ 49, 5 ] jc 6h"	7590	15.18%
"955 [ 44, 9 ] 6c th"	7589	15.18%
"486 [ 31, 21 ] 6s 9d"	7587	15.17%
"1121 [ 47, 40 ] 9c 2c"	7583	15.17%
"160 [ 18, 7 ] 6d 8h"	7577	15.15%
"1099 [ 47, 18 ] 9c 6d"	7557	15.11%
"1112 [ 47, 31 ] 9c 6s"	7552	15.10%
"488 [ 31, 23 ] 6s jd"	7547	15.09%
"1207 [ 49, 31 ] jc 6s"	7537	15.07%
"440 [ 30, 5 ] 5s 6h"	7536	15.07%
"566 [ 34, 5 ] 9s 6h"	7534	15.07%
"205 [ 20, 15 ] 8d 3d"	7533	15.07%
"954 [ 44, 8 ] 6c 9h"	7527	15.05%
"648 [ 36, 18 ] js 6d"	7526	15.05%
"417 [ 29, 11 ] 4s qh"	7522	15.04%
"1194 [ 49, 18 ] jc 6d"	7513	15.03%
"934 [ 43, 31 ] 5c 6s"	7510	15.02%
"150 [ 17, 14 ] 5d 2d"	7507	15.01%
"908 [ 43, 5 ] 5c 6h"	7498	15.00%
"161 [ 18, 8 ] 6d 9h"	7496	14.99%
"635 [ 36, 5 ] js 6h"	7493	14.99%
"482 [ 31, 17 ] 6s 5d"	7489	14.98%
"17 [ 6, 2 ] 7h 3h"	7488	14.98%
"279 [ 24, 3 ] qd 4h"	7483	14.97%
"278 [ 24, 2 ] qd 3h"	7477	14.95%
"844 [ 41, 24 ] 3c qd"	7477	14.95%
"1241 [ 50, 16 ] qc 4d"	7477	14.95%
"23 [ 7, 2 ] 8h 3h"	7463	14.93%
"4 [ 3, 1 ] 4h 2h"	7462	14.92%
"556 [ 33, 28 ] 8s 3s"	7459	14.92%
"1206 [ 49, 30 ] jc 5s"	7457	14.91%
"163 [ 18, 10 ] 6d jh"	7451	14.90%
"963 [ 44, 17 ] 6c 5d"	7450	14.90%
"453 [ 30, 18 ] 5s 6d"	7427	14.85%
"258 [ 23, 5 ] jd 6h"	7424	14.85%
"1240 [ 50, 15 ] qc 3d"	7421	14.84%
"681 [ 37, 15 ] qs 3d"	7419	14.84%
"402 [ 28, 24 ] 3s qd"	7415	14.83%
"1076 [ 46, 41 ] 8c 3c"	7406	14.81%
"1180 [ 49, 4 ] jc 5h"	7405	14.81%
"141 [ 17, 5 ] 5d 6h"	7396	14.79%
"389 [ 28, 11 ] 3s qh"	7392	14.78%
"1075 [ 46, 40 ] 8c 2c"	7386	14.77%
"500 [ 32, 4 ] 7s 5h"	7384	14.77%
"921 [ 43, 18 ] 5c 6d"	7377	14.75%
"157 [ 18, 4 ] 6d 5h"	7376	14.75%
"994 [ 45, 4 ] 7c 5h"	7373	14.75%
"668 [ 37, 2 ] qs 3h"	7368	14.74%
"909 [ 43, 6 ] 5c 7h"	7358	14.72%
"146 [ 17, 10 ] 5d jh"	7356	14.71%
"454 [ 30, 19 ] 5s 7d"	7334	14.67%
"1253 [ 50, 28 ] qc 3s"	7330	14.66%
"939 [ 43, 36 ] 5c js"	7329	14.66%
"926 [ 43, 23 ] 5c jd"	7328	14.66%
"1227 [ 50, 2 ] qc 3h"	7327	14.65%
"433 [ 29, 27 ] 4s 2s"	7323	14.65%
"458 [ 30, 23 ] 5s jd"	7322	14.64%
"950 [ 44, 4 ] 6c 5h"	7318	14.64%
"901 [ 42, 40 ] 4c 2c"	7317	14.63%
"469 [ 31, 4 ] 6s 5h"	7316	14.63%
"976 [ 44, 30 ] 6c 5s"	7314	14.63%
"831 [ 41, 11 ] 3c qh"	7313	14.63%
"116 [ 15, 11 ] 3d qh"	7310	14.62%
"857 [ 41, 37 ] 3c qs"	7304	14.61%
"647 [ 36, 17 ] js 5d"	7303	14.61%
"119 [ 15, 14 ] 3d 2d"	7299	14.60%
"1193 [ 49, 17 ] jc 5d"	7299	14.60%
"492 [ 31, 27 ] 6s 2s"	7294	14.59%
"634 [ 36, 4 ] js 5h"	7277	14.55%
"445 [ 30, 10 ] 5s jh"	7269	14.54%
"134 [ 16, 14 ] 4d 2d"	7255	14.51%
"935 [ 43, 32 ] 5c 7s"	7251	14.50%
"257 [ 23, 4 ] jd 5h"	7246	14.49%
"175 [ 19, 4 ] 7d 5h"	7243	14.49%
"423 [ 29, 17 ] 4s 5d"	7242	14.48%
"555 [ 33, 27 ] 8s 2s"	7239	14.48%
"1020 [ 45, 30 ] 7c 5s"	7236	14.47%
"204 [ 20, 14 ] 8d 2d"	7235	14.47%
"986 [ 44, 40 ] 6c 2c"	7231	14.46%
"913 [ 43, 10 ] 5c jh"	7229	14.46%
"804 [ 40, 24 ] 2c qd"	7224	14.45%
"142 [ 17, 6 ] 5d 7h"	7222	14.44%
"513 [ 32, 17 ] 7s 5d"	7214	14.43%
"375 [ 27, 24 ] 2s qd"	7211	14.42%
"167 [ 18, 14 ] 6d 2d"	7209	14.42%
"1007 [ 45, 17 ] 7c 5d"	7204	14.41%
"860 [ 41, 40 ] 3c 2c"	7198	14.40%
"878 [ 42, 17 ] 4c 5d"	7182	14.36%
"438 [ 30, 3 ] 5s 4h"	7175	14.35%
"405 [ 28, 27 ] 3s 2s"	7173	14.35%
"1239 [ 50, 14 ] qc 2d"	7164	14.33%
"817 [ 40, 37 ] 2c qs"	7163	14.33%
"884 [ 42, 23 ] 4c jd"	7159	14.32%
"1030 [ 45, 40 ] 7c 2c"	7159	14.32%
"1179 [ 49, 3 ] jc 4h"	7155	14.31%
"922 [ 43, 19 ] 5c 7d"	7149	14.30%
"532 [ 33, 4 ] 8s 5h"	7137	14.27%
"11 [ 5, 1 ] 6h 2h"	7120	14.24%
"124 [ 16, 4 ] 4d 5h"	7117	14.23%
"865 [ 42, 4 ] 4c 5h"	7112	14.22%
"897 [ 42, 36 ] 4c js"	7111	14.22%
"680 [ 37, 14 ] qs 2d"	7110	14.22%
"1252 [ 50, 27 ] qc 2s"	7108	14.22%
"633 [ 36, 3 ] js 4h"	7105	14.21%
"441 [ 30, 6 ] 5s 7h"	7102	14.20%
"932 [ 43, 29 ] 5c 4s"	7097	14.19%
"442 [ 30, 7 ] 5s 8h"	7093	14.19%
"451 [ 30, 16 ] 5s 4d"	7089	14.18%
"416 [ 29, 10 ] 4s jh"	7075	14.15%
"936 [ 43, 33 ] 5c 8s"	7075	14.15%
"16 [ 6, 1 ] 7h 2h"	7073	14.15%
"22 [ 7, 1 ] 8h 2h"	7070	14.14%
"139 [ 17, 3 ] 5d 4h"	7064	14.13%
"143 [ 17, 7 ] 5d 8h"	7064	14.13%
"919 [ 43, 16 ] 5c 4d"	7063	14.13%
"1192 [ 49, 16 ] jc 4d"	7061	14.12%
"194 [ 20, 4 ] 8d 5h"	7053	14.11%
"235 [ 22, 4 ] td 5h"	7042	14.08%
"102 [ 14, 11 ] 2d qh"	7041	14.08%
"2 [ 2, 1 ] 3h 2h"	7039	14.08%
"277 [ 24, 1 ] qd 2h"	7028	14.06%
"912 [ 43, 9 ] 5c th"	7026	14.05%
"667 [ 37, 1 ] qs 2h"	7019	14.04%
"130 [ 16, 10 ] 4d jh"	7012	14.02%
"791 [ 40, 11 ] 2c qh"	7002	14.00%
"891 [ 42, 30 ] 4c 5s"	6993	13.99%
"1052 [ 46, 17 ] 8c 5d"	6986	13.97%
"185 [ 19, 14 ] 7d 2d"	6982	13.96%
"1226 [ 50, 1 ] qc 2h"	6980	13.96%
"923 [ 43, 20 ] 5c 8d"	6973	13.95%
"906 [ 43, 3 ] 5c 4h"	6971	13.94%
"455 [ 30, 20 ] 5s 8d"	6970	13.94%
"362 [ 27, 11 ] 2s qh"	6969	13.94%
"910 [ 43, 7 ] 5c 8h"	6967	13.93%
"256 [ 23, 3 ] jd 4h"	6964	13.93%
"429 [ 29, 23 ] 4s jd"	6960	13.92%
"1111 [ 47, 30 ] 9c 5s"	6949	13.90%
"1039 [ 46, 4 ] 8c 5h"	6948	13.90%
"871 [ 42, 10 ] 4c jh"	6943	13.89%
"925 [ 43, 22 ] 5c td"	6935	13.87%
"1145 [ 48, 17 ] tc 5d"	6933	13.87%
"1158 [ 48, 30 ] tc 5s"	6932	13.86%
"612 [ 35, 17 ] ts 5d"	6930	13.86%
"1132 [ 48, 4 ] tc 5h"	6930	13.86%
"646 [ 36, 16 ] js 4d"	6916	13.83%
"523 [ 32, 27 ] 7s 2s"	6915	13.83%
"144 [ 17, 8 ] 5d 9h"	6913	13.83%
"145 [ 17, 9 ] 5d th"	6912	13.82%
"1065 [ 46, 30 ] 8c 5s"	6911	13.82%
"1205 [ 49, 29 ] jc 4s"	6905	13.81%
"443 [ 30, 8 ] 5s 9h"	6889	13.78%
"565 [ 34, 4 ] 9s 5h"	6884	13.77%
"468 [ 31, 3 ] 6s 4h"	6879	13.76%
"115 [ 15, 10 ] 3d jh"	6875	13.75%
"125 [ 16, 5 ] 4d 6h"	6875	13.75%
"457 [ 30, 22 ] 5s td"	6868	13.74%
"444 [ 30, 9 ] 5s th"	6865	13.73%
"456 [ 30, 21 ] 5s 9d"	6859	13.72%
"545 [ 33, 17 ] 8s 5d"	6859	13.72%
"410 [ 29, 4 ] 4s 5h"	6848	13.70%
"843 [ 41, 23 ] 3c jd"	6847	13.69%
"214 [ 21, 4 ] 9d 5h"	6832	13.66%
"599 [ 35, 4 ] ts 5h"	6814	13.63%
"937 [ 43, 34 ] 5c 9s"	6810	13.62%
"949 [ 44, 3 ] 6c 4h"	6797	13.59%
"428 [ 29, 22 ] 4s td"	6792	13.58%
"1204 [ 49, 28 ] jc 3s"	6792	13.58%
"1191 [ 49, 15 ] jc 3d"	6788	13.58%
"632 [ 36, 2 ] js 3h"	6782	13.56%
"938 [ 43, 35 ] 5c ts"	6778	13.56%
"924 [ 43, 21 ] 5c 9d"	6776	13.55%
"911 [ 43, 8 ] 5c 9h"	6769	13.54%
"962 [ 44, 16 ] 6c 4d"	6765	13.53%
"401 [ 28, 23 ] 3s jd"	6760	13.52%
"411 [ 29, 5 ] 4s 6h"	6758	13.52%
"481 [ 31, 16 ] 6s 4d"	6751	13.50%
"424 [ 29, 18 ] 4s 6d"	6741	13.48%
"1098 [ 47, 17 ] 9c 5d"	6736	13.47%
"866 [ 42, 5 ] 4c 6h"	6732	13.46%
"611 [ 35, 16 ] ts 4d"	6730	13.46%
"856 [ 41, 36 ] 3c js"	6719	13.44%
"645 [ 36, 15 ] js 3d"	6716	13.43%
"892 [ 42, 31 ] 4c 6s"	6715	13.43%
"896 [ 42, 35 ] 4c ts"	6715	13.43%
"1085 [ 47, 4 ] 9c 5h"	6705	13.41%
"156 [ 18, 3 ] 6d 4h"	6702	13.40%
"830 [ 41, 10 ] 3c jh"	6700	13.40%
"255 [ 23, 2 ] jd 3h"	6698	13.40%
"1131 [ 48, 3 ] tc 4h"	6698	13.40%
"415 [ 29, 9 ] 4s th"	6692	13.38%
"388 [ 28, 10 ] 3s jh"	6676	13.35%
"879 [ 42, 18 ] 4c 6d"	6670	13.34%
"234 [ 22, 3 ] td 4h"	6662	13.32%
"975 [ 44, 29 ] 6c 4s"	6658	13.32%
"1144 [ 48, 16 ] tc 4d"	6645	13.29%
"578 [ 34, 17 ] 9s 5d"	6639	13.28%
"1178 [ 49, 2 ] jc 3h"	6633	13.27%
"129 [ 16, 9 ] 4d th"	6626	13.25%
"870 [ 42, 9 ] 4c th"	6607	13.21%
"254 [ 23, 1 ] jd 2h"	6602	13.20%
"598 [ 35, 3 ] ts 4h"	6584	13.17%
"631 [ 36, 1 ] js 2h"	6575	13.15%
"1157 [ 48, 29 ] tc 4s"	6575	13.15%
"883 [ 42, 22 ] 4c td"	6557	13.11%
"101 [ 14, 10 ] 2d jh"	6552	13.10%
"803 [ 40, 23 ] 2c jd"	6549	13.10%
"1190 [ 49, 14 ] jc 2d"	6549	13.10%
"512 [ 32, 16 ] 7s 4d"	6542	13.08%
"837 [ 41, 17 ] 3c 5d"	6538	13.08%
"790 [ 40, 10 ] 2c jh"	6537	13.07%
"361 [ 27, 10 ] 2s jh"	6520	13.04%
"174 [ 19, 3 ] 7d 4h"	6512	13.02%
"1006 [ 45, 16 ] 7c 4d"	6512	13.02%
"437 [ 30, 2 ] 5s 3h"	6506	13.01%
"1019 [ 45, 29 ] 7c 4s"	6500	13.00%
"644 [ 36, 14 ] js 2d"	6484	12.97%
"824 [ 41, 4 ] 3c 5h"	6467	12.93%
"993 [ 45, 3 ] 7c 4h"	6467	12.93%
"1203 [ 49, 27 ] jc 2s"	6463	12.93%
"400 [ 28, 22 ] 3s td"	6450	12.90%
"1177 [ 49, 1 ] jc 2h"	6448	12.90%
"816 [ 40, 36 ] 2c js"	6434	12.87%
"499 [ 32, 3 ] 7s 4h"	6432	12.86%
"374 [ 27, 23 ] 2s jd"	6417	12.83%
"867 [ 42, 6 ] 4c 7h"	6417	12.83%
"450 [ 30, 15 ] 5s 3d"	6413	12.83%
"880 [ 42, 19 ] 4c 7d"	6413	12.83%
"425 [ 29, 19 ] 4s 7d"	6408	12.82%
"387 [ 28, 9 ] 3s th"	6404	12.81%
"1156 [ 48, 28 ] tc 3s"	6404	12.81%
"412 [ 29, 6 ] 4s 7h"	6402	12.80%
"855 [ 41, 35 ] 3c ts"	6400	12.80%
"918 [ 43, 15 ] 5c 3d"	6399	12.80%
"138 [ 17, 2 ] 5d 3h"	6397	12.79%
"126 [ 16, 6 ] 4d 7h"	6388	12.78%
"109 [ 15, 4 ] 3d 5h"	6385	12.77%
"931 [ 43, 28 ] 5c 3s"	6381	12.76%
"610 [ 35, 15 ] ts 3d"	6374	12.75%
"842 [ 41, 22 ] 3c td"	6367	12.73%
"905 [ 43, 2 ] 5c 3h"	6363	12.73%
"1143 [ 48, 15 ] tc 3d"	6363	12.73%
"893 [ 42, 32 ] 4c 7s"	6351	12.70%
"850 [ 41, 30 ] 3c 5s"	6349	12.70%
"114 [ 15, 9 ] 3d th"	6347	12.69%
"395 [ 28, 17 ] 3s 5d"	6343	12.69%
"382 [ 28, 4 ] 3s 5h"	6339	12.68%
"597 [ 35, 2 ] ts 3h"	6339	12.68%
"829 [ 41, 9 ] 3c th"	6330	12.66%
"1038 [ 46, 3 ] 8c 4h"	6330	12.66%
"544 [ 33, 16 ] 8s 4d"	6320	12.64%
"413 [ 29, 7 ] 4s 8h"	6314	12.63%
"1130 [ 48, 2 ] tc 3h"	6312	12.62%
"531 [ 33, 3 ] 8s 4h"	6311	12.62%
"233 [ 22, 2 ] td 3h"	6302	12.60%
"1051 [ 46, 16 ] 8c 4d"	6287	12.57%
"213 [ 21, 3 ] 9d 4h"	6264	12.53%
"193 [ 20, 3 ] 8d 4h"	6246	12.49%
"881 [ 42, 20 ] 4c 8d"	6227	12.45%
"894 [ 42, 33 ] 4c 8s"	6223	12.45%
"127 [ 16, 7 ] 4d 8h"	6217	12.43%
"232 [ 22, 1 ] td 2h"	6217	12.43%
"868 [ 42, 7 ] 4c 8h"	6216	12.43%
"1110 [ 47, 29 ] 9c 4s"	6216	12.43%
"1142 [ 48, 14 ] tc 2d"	6207	12.41%
"1155 [ 48, 27 ] tc 2s"	6200	12.40%
"802 [ 40, 22 ] 2c td"	6194	12.39%
"789 [ 40, 9 ] 2c th"	6192	12.38%
"100 [ 14, 9 ] 2d th"	6189	12.38%
"426 [ 29, 20 ] 4s 8d"	6182	12.36%
"596 [ 35, 1 ] ts 2h"	6180	12.36%
"577 [ 34, 16 ] 9s 4d"	6162	12.32%
"815 [ 40, 35 ] 2c ts"	6140	12.28%
"876 [ 42, 15 ] 4c 3d"	6127	12.25%
"128 [ 16, 8 ] 4d 9h"	6120	12.24%
"961 [ 44, 15 ] 6c 3d"	6113	12.23%
"895 [ 42, 34 ] 4c 9s"	6112	12.22%
"823 [ 41, 3 ] 3c 4h"	6111	12.22%
"360 [ 27, 9 ] 2s th"	6105	12.21%
"373 [ 27, 22 ] 2s td"	6100	12.20%
"836 [ 41, 16 ] 3c 4d"	6098	12.20%
"869 [ 42, 8 ] 4c 9h"	6091	12.18%
"849 [ 41, 29 ] 3c 4s"	6088	12.18%
"1097 [ 47, 16 ] 9c 4d"	6084	12.17%
"421 [ 29, 15 ] 4s 3d"	6083	12.17%
"394 [ 28, 16 ] 3s 4d"	6079	12.16%
"1064 [ 46, 29 ] 8c 4s"	6079	12.16%
"974 [ 44, 28 ] 6c 3s"	6075	12.15%
"1129 [ 48, 1 ] tc 2h"	6073	12.15%
"889 [ 42, 28 ] 4c 3s"	6072	12.14%
"480 [ 31, 15 ] 6s 3d"	6071	12.14%
"110 [ 15, 5 ] 3d 6h"	6067	12.13%
"564 [ 34, 3 ] 9s 4h"	6046	12.09%
"414 [ 29, 8 ] 4s 9h"	6043	12.09%
"467 [ 31, 2 ] 6s 3h"	6038	12.08%
"427 [ 29, 21 ] 4s 9d"	6025	12.05%
"381 [ 28, 3 ] 3s 4h"	6008	12.02%
"882 [ 42, 21 ] 4c 9d"	6004	12.01%
"408 [ 29, 2 ] 4s 3h"	5999	12.00%
"122 [ 16, 2 ] 4d 3h"	5995	11.99%
"609 [ 35, 14 ] ts 2d"	5992	11.98%
"825 [ 41, 5 ] 3c 6h"	5984	11.97%
"155 [ 18, 2 ] 6d 3h"	5982	11.96%
"396 [ 28, 18 ] 3s 6d"	5974	11.95%
"838 [ 41, 18 ] 3c 6d"	5957	11.91%
"1084 [ 47, 3 ] 9c 4h"	5943	11.89%
"212 [ 21, 2 ] 9d 3h"	5935	11.87%
"851 [ 41, 31 ] 3c 6s"	5927	11.85%
"948 [ 44, 2 ] 6c 3h"	5922	11.84%
"863 [ 42, 2 ] 4c 3h"	5916	11.83%
"828 [ 41, 8 ] 3c 9h"	5904	11.81%
"108 [ 15, 3 ] 3d 4h"	5898	11.80%
"386 [ 28, 8 ] 3s 9h"	5846	11.69%
"383 [ 28, 5 ] 3s 6h"	5836	11.67%
"1096 [ 47, 15 ] 9c 3d"	5833	11.67%
"854 [ 41, 34 ] 3c 9s"	5822	11.64%
"1083 [ 47, 2 ] 9c 3h"	5809	11.62%
"576 [ 34, 15 ] 9s 3d"	5808	11.62%
"113 [ 15, 8 ] 3d 9h"	5797	11.59%
"399 [ 28, 21 ] 3s 9d"	5796	11.59%
"1018 [ 45, 28 ] 7c 3s"	5792	11.58%
"841 [ 41, 21 ] 3c 9d"	5778	11.56%
"839 [ 41, 19 ] 3c 7d"	5775	11.55%
"1109 [ 47, 28 ] 9c 3s"	5763	11.53%
"810 [ 40, 30 ] 2c 5s"	5762	11.52%
"797 [ 40, 17 ] 2c 5d"	5750	11.50%
"111 [ 15, 6 ] 3d 7h"	5746	11.49%
"397 [ 28, 19 ] 3s 7d"	5743	11.49%
"563 [ 34, 2 ] 9s 3h"	5738	11.48%
"173 [ 19, 2 ] 7d 3h"	5737	11.47%
"784 [ 40, 4 ] 2c 5h"	5716	11.43%
"1005 [ 45, 15 ] 7c 3d"	5712	11.42%
"355 [ 27, 4 ] 2s 5h"	5705	11.41%
"511 [ 32, 15 ] 7s 3d"	5704	11.41%
"498 [ 32, 2 ] 7s 3h"	5703	11.41%
"137 [ 17, 1 ] 5d 2h"	5697	11.39%
"1082 [ 47, 1 ] 9c 2h"	5689	11.38%
"992 [ 45, 2 ] 7c 3h"	5681	11.36%
"852 [ 41, 32 ] 3c 7s"	5679	11.36%
"826 [ 41, 6 ] 3c 7h"	5671	11.34%
"904 [ 43, 1 ] 5c 2h"	5670	11.34%
"917 [ 43, 14 ] 5c 2d"	5670	11.34%
"384 [ 28, 6 ] 3s 7h"	5664	11.33%
"99 [ 14, 8 ] 2d 9h"	5659	11.32%
"814 [ 40, 34 ] 2c 9s"	5659	11.32%
"827 [ 41, 7 ] 3c 8h"	5658	11.32%
"436 [ 30, 1 ] 5s 2h"	5654	11.31%
"449 [ 30, 14 ] 5s 2d"	5638	11.28%
"368 [ 27, 17 ] 2s 5d"	5635	11.27%
"930 [ 43, 27 ] 5c 2s"	5627	11.25%
"1108 [ 47, 27 ] 9c 2s"	5625	11.25%
"575 [ 34, 14 ] 9s 2d"	5621	11.24%
"543 [ 33, 15 ] 8s 3d"	5615	11.23%
"801 [ 40, 21 ] 2c 9d"	5601	11.20%
"95 [ 14, 4 ] 2d 5h"	5600	11.20%
"562 [ 34, 1 ] 9s 2h"	5586	11.17%
"359 [ 27, 8 ] 2s 9h"	5585	11.17%
"372 [ 27, 21 ] 2s 9d"	5563	11.13%
"211 [ 21, 1 ] 9d 2h"	5560	11.12%
"788 [ 40, 8 ] 2c 9h"	5557	11.11%
"1095 [ 47, 14 ] 9c 2d"	5550	11.10%
"1037 [ 46, 2 ] 8c 3h"	5535	11.07%
"1050 [ 46, 15 ] 8c 3d"	5525	11.05%
"1063 [ 46, 28 ] 8c 3s"	5512	11.02%
"530 [ 33, 2 ] 8s 3h"	5482	10.96%
"840 [ 41, 20 ] 3c 8d"	5478	10.96%
"367 [ 27, 16 ] 2s 4d"	5475	10.95%
"112 [ 15, 7 ] 3d 8h"	5468	10.94%
"385 [ 28, 7 ] 3s 8h"	5457	10.91%
"398 [ 28, 20 ] 3s 8d"	5454	10.91%
"862 [ 42, 1 ] 4c 2h"	5446	10.89%
"888 [ 42, 27 ] 4c 2s"	5441	10.88%
"796 [ 40, 16 ] 2c 4d"	5423	10.85%
"875 [ 42, 14 ] 4c 2d"	5423	10.85%
"853 [ 41, 33 ] 3c 8s"	5419	10.84%
"787 [ 40, 7 ] 2c 8h"	5418	10.84%
"192 [ 20, 2 ] 8d 3h"	5414	10.83%
"371 [ 27, 20 ] 2s 8d"	5401	10.80%
"783 [ 40, 3 ] 2c 4h"	5401	10.80%
"98 [ 14, 7 ] 2d 8h"	5387	10.77%
"94 [ 14, 3 ] 2d 4h"	5381	10.76%
"809 [ 40, 29 ] 2c 4s"	5370	10.74%
"1049 [ 46, 14 ] 8c 2d"	5365	10.73%
"800 [ 40, 20 ] 2c 8d"	5338	10.68%
"479 [ 31, 14 ] 6s 2d"	5321	10.64%
"407 [ 29, 1 ] 4s 2h"	5318	10.64%
"358 [ 27, 7 ] 2s 8h"	5305	10.61%
"121 [ 16, 1 ] 4d 2h"	5297	10.59%
"191 [ 20, 1 ] 8d 2h"	5294	10.59%
"154 [ 18, 1 ] 6d 2h"	5292	10.58%
"1036 [ 46, 1 ] 8c 2h"	5292	10.58%
"813 [ 40, 33 ] 2c 8s"	5275	10.55%
"354 [ 27, 3 ] 2s 4h"	5270	10.54%
"960 [ 44, 14 ] 6c 2d"	5268	10.54%
"947 [ 44, 1 ] 6c 2h"	5265	10.53%
"420 [ 29, 14 ] 4s 2d"	5247	10.49%
"798 [ 40, 18 ] 2c 6d"	5244	10.49%
"356 [ 27, 5 ] 2s 6h"	5229	10.46%
"529 [ 33, 1 ] 8s 2h"	5228	10.46%
"542 [ 33, 14 ] 8s 2d"	5226	10.45%
"466 [ 31, 1 ] 6s 2h"	5213	10.43%
"369 [ 27, 18 ] 2s 6d"	5188	10.38%
"1062 [ 46, 27 ] 8c 2s"	5185	10.37%
"785 [ 40, 5 ] 2c 6h"	5177	10.35%
"96 [ 14, 5 ] 2d 6h"	5160	10.32%
"808 [ 40, 28 ] 2c 3s"	5141	10.28%
"973 [ 44, 27 ] 6c 2s"	5118	10.24%
"811 [ 40, 31 ] 2c 6s"	5113	10.23%
"357 [ 27, 6 ] 2s 7h"	5111	10.22%
"782 [ 40, 2 ] 2c 3h"	5098	10.20%
"392 [ 28, 14 ] 3s 2d"	5094	10.19%
"795 [ 40, 15 ] 2c 3d"	5092	10.18%
"834 [ 41, 14 ] 3c 2d"	5082	10.16%
"1017 [ 45, 27 ] 7c 2s"	5074	10.15%
"821 [ 41, 1 ] 3c 2h"	5049	10.10%
"812 [ 40, 32 ] 2c 7s"	5043	10.09%
"97 [ 14, 6 ] 2d 7h"	5042	10.08%
"497 [ 32, 1 ] 7s 2h"	5041	10.08%
"379 [ 28, 1 ] 3s 2h"	5030	10.06%
"353 [ 27, 2 ] 2s 3h"	5029	10.06%
"106 [ 15, 1 ] 3d 2h"	5021	10.04%
"799 [ 40, 19 ] 2c 7d"	5018	10.04%
"847 [ 41, 27 ] 3c 2s"	5011	10.02%
"366 [ 27, 15 ] 2s 3d"	4989	9.98%
"93 [ 14, 2 ] 2d 3h"	4986	9.97%
"786 [ 40, 6 ] 2c 7h"	4969	9.94%
"370 [ 27, 19 ] 2s 7d"	4961	9.92%
"1004 [ 45, 14 ] 7c 2d"	4949	9.90%
"510 [ 32, 14 ] 7s 2d"	4947	9.89%
"172 [ 19, 1 ] 7d 2h"	4946	9.89%
"991 [ 45, 1 ] 7c 2h"	4930	9.86%