"338 [ 26, 13 ] as ad"	17555	35.11%
"78 [ 13, 0 ] ad ah"	17540	35.08%
"741 [ 39, 0 ] ac ah"	17503	35.01%
"754 [ 39, 13 ] ac ad"	17502	35.00%
"767 [ 39, 26 ] ac as"	17454	34.91%
"325 [ 26, 0 ] as ah"	17407	34.81%
"715 [ 38, 12 ] ks kh"	14907	29.81%
"1313 [ 51, 38 ] kc ks"	14821	29.64%
"1300 [ 51, 25 ] kc kd"	14772	29.54%
"1287 [ 51, 12 ] kc kh"	14718	29.44%
"728 [ 38, 25 ] ks kd"	14711	29.42%
"312 [ 25, 12 ] kd kh"	14694	29.39%
"690 [ 37, 24 ] qs qd"	12921	25.84%
"1236 [ 50, 11 ] qc qh"	12906	25.81%
"1262 [ 50, 37 ] qc qs"	12846	25.69%
"287 [ 24, 11 ] qd qh"	12743	25.49%
"1249 [ 50, 24 ] qc qd"	12729	25.46%
"677 [ 37, 11 ] qs qh"	12707	25.41%
"313 [ 25, 13 ] kd ad"	11932	23.86%
"1314 [ 51, 39 ] kc ac"	11929	23.86%
"729 [ 38, 26 ] ks as"	11904	23.81%
"66 [ 12, 0 ] kh ah"	11828	23.66%
"55 [ 11, 0 ] qh ah"	11340	22.68%
"289 [ 24, 13 ] qd ad"	11321	22.64%
"692 [ 37, 26 ] qs as"	11262	22.52%
"1186 [ 49, 10 ] jc jh"	11262	22.52%
"1212 [ 49, 36 ] jc js"	11230	22.46%
"640 [ 36, 10 ] js jh"	11223	22.45%
"263 [ 23, 10 ] jd jh"	11195	22.39%
"653 [ 36, 23 ] js jd"	11151	22.30%
"1199 [ 49, 23 ] jc jd"	11125	22.25%
"1264 [ 50, 39 ] qc ac"	11065	22.13%
"324 [ 25, 24 ] kd qd"	11018	22.04%
"77 [ 12, 11 ] kh qh"	10896	21.79%
"1215 [ 49, 39 ] jc ac"	10846	21.69%
"266 [ 23, 13 ] jd ad"	10820	21.64%
"1325 [ 51, 50 ] kc qc"	10793	21.59%
"45 [ 10, 0 ] jh ah"	10783	21.57%
"740 [ 38, 37 ] ks qs"	10782	21.56%
"656 [ 36, 26 ] js as"	10637	21.27%
"739 [ 38, 36 ] ks js"	10450	20.90%
"244 [ 22, 13 ] td ad"	10403	20.81%
"1275 [ 51, 0 ] kc ah"	10378	20.76%
"36 [ 9, 0 ] th ah"	10365	20.73%
"1324 [ 51, 49 ] kc jc"	10360	20.72%
"323 [ 25, 23 ] kd jd"	10356	20.71%
"350 [ 26, 25 ] as kd"	10334	20.67%
"300 [ 25, 0 ] kd ah"	10326	20.65%
"621 [ 35, 26 ] ts as"	10319	20.64%
"716 [ 38, 13 ] ks ad"	10272	20.54%
"1301 [ 51, 26 ] kc as"	10256	20.51%
"753 [ 39, 12 ] ac kh"	10253	20.51%
"76 [ 12, 10 ] kh jh"	10252	20.50%
"702 [ 37, 36 ] qs js"	10238	20.48%
"1274 [ 50, 49 ] qc jc"	10235	20.47%
"65 [ 11, 10 ] qh jh"	10218	20.44%
"766 [ 39, 25 ] ac kd"	10217	20.43%
"1167 [ 48, 39 ] tc ac"	10196	20.39%
"337 [ 26, 12 ] as kh"	10163	20.33%
"299 [ 24, 23 ] qd jd"	10150	20.30%
"90 [ 13, 12 ] ad kh"	10121	20.24%
"703 [ 38, 0 ] ks ah"	10121	20.24%
"1288 [ 51, 13 ] kc ad"	10091	20.18%
"75 [ 12, 9 ] kh th"	10084	20.17%
"779 [ 39, 38 ] ac ks"	10046	20.09%
"322 [ 25, 22 ] kd td"	10029	20.06%
"1273 [ 50, 48 ] qc tc"	10010	20.02%
"738 [ 38, 35 ] ks ts"	9985	19.97%
"1150 [ 48, 22 ] tc td"	9981	19.96%
"617 [ 35, 22 ] ts td"	9952	19.90%
"240 [ 22, 9 ] td th"	9946	19.89%
"1137 [ 48, 9 ] tc th"	9939	19.88%
"604 [ 35, 9 ] ts th"	9931	19.86%
"275 [ 23, 22 ] jd td"	9913	19.83%
"1323 [ 51, 48 ] kc tc"	9857	19.71%
"1163 [ 48, 35 ] tc ts"	9849	19.70%
"298 [ 24, 22 ] qd td"	9834	19.67%
"665 [ 36, 35 ] js ts"	9797	19.59%
"54 [ 10, 9 ] jh th"	9788	19.58%
"701 [ 37, 35 ] qs ts"	9754	19.51%
"1224 [ 49, 48 ] jc tc"	9729	19.46%
"64 [ 11, 9 ] qh th"	9639	19.28%
"666 [ 37, 0 ] qs ah"	9588	19.18%
"752 [ 39, 11 ] ac qh"	9574	19.15%
"778 [ 39, 37 ] ac qs"	9570	19.14%
"679 [ 37, 13 ] qs ad"	9498	19.00%
"1225 [ 50, 0 ] qc ah"	9465	18.93%
"336 [ 26, 11 ] as qh"	9393	18.79%
"276 [ 24, 0 ] qd ah"	9390	18.78%
"1238 [ 50, 13 ] qc ad"	9382	18.76%
"765 [ 39, 24 ] ac qd"	9358	18.72%
"1251 [ 50, 26 ] qc as"	9330	18.66%
"1120 [ 47, 39 ] 9c ac"	9326	18.65%
"89 [ 13, 11 ] ad qh"	9310	18.62%
"349 [ 26, 24 ] as qd"	9303	18.61%
"1237 [ 50, 12 ] qc kh"	9276	18.55%
"28 [ 8, 0 ] 9h ah"	9257	18.51%
"727 [ 38, 24 ] ks qd"	9243	18.49%
"587 [ 34, 26 ] 9s as"	9233	18.47%
"1286 [ 51, 11 ] kc qh"	9212	18.42%
"1250 [ 50, 25 ] qc kd"	9211	18.42%
"288 [ 24, 12 ] qd kh"	9188	18.38%
"1102 [ 47, 21 ] 9c 9d"	9183	18.37%
"1263 [ 50, 38 ] qc ks"	9178	18.36%
"223 [ 21, 13 ] 9d ad"	9177	18.35%
"1312 [ 51, 37 ] kc qs"	9172	18.34%
"569 [ 34, 8 ] 9s 9h"	9119	18.24%
"1299 [ 51, 24 ] kc qd"	9119	18.24%
"678 [ 37, 12 ] qs kh"	9106	18.21%
"311 [ 25, 11 ] kd qh"	9100	18.20%
"714 [ 38, 11 ] ks qh"	9071	18.14%
"691 [ 37, 25 ] qs kd"	9062	18.12%
"1074 [ 46, 39 ] 8c ac"	9059	18.12%
"582 [ 34, 21 ] 9s 9d"	9057	18.11%
"6 [ 4, 0 ] 5h ah"	9043	18.09%
"1089 [ 47, 8 ] 9c 9h"	8969	17.94%
"554 [ 33, 26 ] 8s as"	8959	17.92%
"629 [ 35, 34 ] ts 9s"	8946	17.89%
"184 [ 19, 13 ] 7d ad"	8928	17.86%
"274 [ 23, 21 ] jd 9d"	8926	17.85%
"461 [ 30, 26 ] 5s as"	8923	17.85%
"751 [ 39, 10 ] ac jh"	8920	17.84%
"737 [ 38, 34 ] ks 9s"	8910	17.82%
"203 [ 20, 13 ] 8d ad"	8904	17.81%
"218 [ 21, 8 ] 9d 9h"	8903	17.81%
"630 [ 36, 0 ] js ah"	8900	17.80%
"1322 [ 51, 47 ] kc 9c"	8895	17.79%
"21 [ 7, 0 ] 8h ah"	8891	17.78%
"1202 [ 49, 26 ] jc as"	8886	17.77%
"942 [ 43, 39 ] 5c ac"	8875	17.75%
"74 [ 12, 8 ] kh 9h"	8873	17.75%
"149 [ 17, 13 ] 5d ad"	8865	17.73%
"1115 [ 47, 34 ] 9c 9s"	8865	17.73%
"252 [ 22, 21 ] td 9d"	8843	17.69%
"15 [ 6, 0 ] 7h ah"	8839	17.68%
"335 [ 26, 10 ] as jh"	8832	17.66%
"643 [ 36, 13 ] js ad"	8824	17.65%
"777 [ 39, 36 ] ac js"	8802	17.60%
"88 [ 13, 10 ] ad jh"	8797	17.59%
"1029 [ 45, 39 ] 7c ac"	8794	17.59%
"63 [ 11, 8 ] qh 9h"	8787	17.57%
"1189 [ 49, 13 ] jc ad"	8780	17.56%
"1175 [ 48, 47 ] tc 9c"	8779	17.56%
"1223 [ 49, 47 ] jc 9c"	8774	17.55%
"253 [ 23, 0 ] jd ah"	8765	17.53%
"348 [ 26, 23 ] as jd"	8762	17.52%
"44 [ 9, 8 ] th 9h"	8756	17.51%
"133 [ 16, 13 ] 4d ad"	8737	17.47%
"321 [ 25, 21 ] kd 9d"	8737	17.47%
"764 [ 39, 23 ] ac jd"	8711	17.42%
"3 [ 3, 0 ] 4h ah"	8701	17.40%
"1176 [ 49, 0 ] jc ah"	8696	17.39%
"700 [ 37, 34 ] qs 9s"	8692	17.38%
"53 [ 10, 8 ] jh 9h"	8690	17.38%
"10 [ 5, 0 ] 6h ah"	8680	17.36%
"432 [ 29, 26 ] 4s as"	8678	17.36%
"297 [ 24, 21 ] qd 9d"	8674	17.35%
"265 [ 23, 12 ] jd kh"	8664	17.33%
"859 [ 41, 39 ] 3c ac"	8663	17.33%
"522 [ 32, 26 ] 7s as"	8656	17.31%
"664 [ 36, 34 ] js 9s"	8646	17.29%
"1285 [ 51, 10 ] kc jh"	8641	17.28%
"726 [ 38, 23 ] ks jd"	8634	17.27%
"491 [ 31, 26 ] 6s as"	8588	17.18%
"985 [ 44, 39 ] 6c ac"	8587	17.17%
"1311 [ 51, 36 ] kc js"	8584	17.17%
"1235 [ 50, 10 ] qc jh"	8573	17.15%
"1272 [ 50, 47 ] qc 9c"	8567	17.13%
"900 [ 42, 39 ] 4c ac"	8566	17.13%
"654 [ 36, 24 ] js qd"	8565	17.13%
"713 [ 38, 10 ] ks jh"	8553	17.11%
"1214 [ 49, 38 ] jc ks"	8548	17.10%
"310 [ 25, 10 ] kd jh"	8541	17.08%
"1298 [ 51, 23 ] kc jd"	8539	17.08%
"404 [ 28, 26 ] 3s as"	8532	17.06%
"118 [ 15, 13 ] 3d ad"	8519	17.04%
"1188 [ 49, 12 ] jc kh"	8486	16.97%
"642 [ 36, 12 ] js kh"	8478	16.96%
"286 [ 24, 10 ] qd jh"	8475	16.95%
"334 [ 26, 9 ] as th"	8475	16.95%
"166 [ 18, 13 ] 6d ad"	8474	16.95%
"1 [ 2, 0 ] 3h ah"	8463	16.93%
"1187 [ 49, 11 ] jc qh"	8463	16.93%
"1201 [ 49, 25 ] jc kd"	8459	16.92%
"655 [ 36, 25 ] js kd"	8458	16.92%
"776 [ 39, 35 ] ac ts"	8458	16.92%
"641 [ 36, 11 ] js qh"	8457	16.91%
"689 [ 37, 23 ] qs jd"	8439	16.88%
"264 [ 23, 11 ] jd qh"	8438	16.88%
"1213 [ 49, 37 ] jc qs"	8427	16.85%
"347 [ 26, 22 ] as td"	8426	16.85%
"750 [ 39, 9 ] ac th"	8423	16.85%
"231 [ 22, 0 ] td ah"	8418	16.84%
"608 [ 35, 13 ] ts ad"	8409	16.82%
"1248 [ 50, 23 ] qc jd"	8397	16.79%
"595 [ 35, 0 ] ts ah"	8390	16.78%
"1141 [ 48, 13 ] tc ad"	8388	16.78%
"676 [ 37, 10 ] qs jh"	8365	16.73%
"87 [ 13, 9 ] ad th"	8356	16.71%
"736 [ 38, 33 ] ks 8s"	8349	16.70%
"607 [ 35, 12 ] ts kh"	8340	16.68%
"1284 [ 51, 9 ] kc th"	8337	16.67%
"763 [ 39, 22 ] ac td"	8333	16.67%
"1128 [ 48, 0 ] tc ah"	8330	16.66%
"1200 [ 49, 24 ] jc qd"	8330	16.66%
"1261 [ 50, 36 ] qc js"	8320	16.64%
"1154 [ 48, 26 ] tc as"	8311	16.62%
"1068 [ 46, 33 ] 8c 8s"	8310	16.62%
"197 [ 20, 7 ] 8d 8h"	8295	16.59%
"1321 [ 51, 46 ] kc 8c"	8285	16.57%
"1166 [ 48, 38 ] tc ks"	8270	16.54%
"104 [ 14, 13 ] 2d ad"	8265	16.53%
"618 [ 35, 23 ] ts jd"	8262	16.52%
"535 [ 33, 7 ] 8s 8h"	8256	16.51%
"1042 [ 46, 7 ] 8c 8h"	8248	16.50%
"243 [ 22, 12 ] td kh"	8246	16.49%
"1138 [ 48, 10 ] tc jh"	8233	16.47%
"1139 [ 48, 11 ] tc qh"	8227	16.45%
"1297 [ 51, 22 ] kc td"	8224	16.45%
"725 [ 38, 22 ] ks td"	8221	16.44%
"1310 [ 51, 35 ] kc ts"	8211	16.42%
"377 [ 27, 26 ] 2s as"	8206	16.41%
"285 [ 24, 9 ] qd th"	8203	16.41%
"241 [ 22, 10 ] td jh"	8201	16.40%
"819 [ 40, 39 ] 2c ac"	8198	16.40%
"1174 [ 48, 46 ] tc 8c"	8191	16.38%
"1198 [ 49, 22 ] jc td"	8191	16.38%
"652 [ 36, 22 ] js td"	8190	16.38%
"309 [ 25, 9 ] kd th"	8186	16.37%
"620 [ 35, 25 ] ts kd"	8180	16.36%
"712 [ 38, 9 ] ks th"	8178	16.36%
"639 [ 36, 9 ] js th"	8171	16.34%
"320 [ 25, 20 ] kd 8d"	8159	16.32%
"548 [ 33, 20 ] 8s 8d"	8142	16.28%
"628 [ 35, 33 ] ts 8s"	8139	16.28%
"1185 [ 49, 9 ] jc th"	8137	16.27%
"1165 [ 48, 37 ] tc qs"	8130	16.26%
"43 [ 9, 7 ] th 8h"	8121	16.24%
"251 [ 22, 20 ] td 8d"	8120	16.24%
"230 [ 21, 20 ] 9d 8d"	8103	16.21%
"605 [ 35, 10 ] ts jh"	8100	16.20%
"675 [ 37, 9 ] qs th"	8099	16.20%
"1055 [ 46, 20 ] 8c 8d"	8099	16.20%
"1140 [ 48, 12 ] tc kh"	8092	16.18%
"52 [ 10, 7 ] jh 8h"	8088	16.18%
"35 [ 8, 7 ] 9h 8h"	8087	16.17%
"73 [ 12, 7 ] kh 8h"	8077	16.15%
"594 [ 34, 33 ] 9s 8s"	8068	16.14%
"242 [ 22, 11 ] td qh"	8067	16.13%
"1153 [ 48, 25 ] tc kd"	8063	16.13%
"1152 [ 48, 24 ] tc qd"	8062	16.12%
"735 [ 38, 32 ] ks 7s"	8055	16.11%
"1271 [ 50, 46 ] qc 8c"	8053	16.11%
"273 [ 23, 20 ] jd 8d"	8051	16.10%
"1260 [ 50, 35 ] qc ts"	8041	16.08%
"0 [ 1, 0 ] 2h ah"	8023	16.05%
"688 [ 37, 22 ] qs td"	8016	16.03%
"262 [ 23, 9 ] jd th"	8013	16.03%
"1164 [ 48, 36 ] tc js"	8003	16.01%
"619 [ 35, 24 ] ts qd"	8001	16.00%
"1320 [ 51, 45 ] kc 7c"	8000	16.00%
"1211 [ 49, 35 ] jc ts"	7991	15.98%
"1222 [ 49, 46 ] jc 8c"	7988	15.98%
"606 [ 35, 11 ] ts qh"	7973	15.95%
"1247 [ 50, 22 ] qc td"	7956	15.91%
"296 [ 24, 20 ] qd 8d"	7943	15.89%
"1151 [ 48, 23 ] tc jd"	7943	15.89%
"1234 [ 50, 9 ] qc th"	7911	15.82%
"699 [ 37, 33 ] qs 8s"	7907	15.81%
"663 [ 36, 33 ] js 8s"	7882	15.76%
"1127 [ 47, 46 ] 9c 8c"	7852	15.70%
"72 [ 12, 6 ] kh 7h"	7851	15.70%
"62 [ 11, 7 ] qh 8h"	7848	15.70%
"996 [ 45, 6 ] 7c 7h"	7848	15.70%
"71 [ 12, 5 ] kh 6h"	7845	15.69%
"319 [ 25, 19 ] kd 7d"	7838	15.68%
"1319 [ 51, 44 ] kc 6c"	7817	15.63%
"1009 [ 45, 19 ] 7c 7d"	7771	15.54%
"1022 [ 45, 32 ] 7c 7s"	7769	15.54%
"515 [ 32, 19 ] 7s 7d"	7743	15.49%
"734 [ 38, 31 ] ks 6s"	7731	15.46%
"177 [ 19, 6 ] 7d 7h"	7716	15.43%
"502 [ 32, 6 ] 7s 7h"	7693	15.39%
"560 [ 33, 32 ] 8s 7s"	7649	15.30%
"70 [ 12, 4 ] kh 5h"	7634	15.27%
"1173 [ 48, 45 ] tc 7c"	7620	15.24%
"1080 [ 46, 45 ] 8c 7c"	7597	15.19%
"318 [ 25, 18 ] kd 6d"	7596	15.19%
"627 [ 35, 32 ] ts 7s"	7589	15.18%
"1318 [ 51, 43 ] kc 5c"	7570	15.14%
"209 [ 20, 19 ] 8d 7d"	7547	15.09%
"27 [ 7, 6 ] 8h 7h"	7544	15.09%
"1126 [ 47, 45 ] 9c 7c"	7544	15.09%
"593 [ 34, 32 ] 9s 7s"	7539	15.08%
"229 [ 21, 19 ] 9d 7d"	7537	15.07%
"951 [ 44, 5 ] 6c 6h"	7529	15.06%
"34 [ 8, 6 ] 9h 7h"	7525	15.05%
"250 [ 22, 19 ] td 7d"	7481	14.96%
"316 [ 25, 16 ] kd 4d"	7460	14.92%
"733 [ 38, 30 ] ks 5s"	7448	14.90%
"61 [ 11, 6 ] qh 7h"	7444	14.89%
"317 [ 25, 17 ] kd 5d"	7443	14.89%
"295 [ 24, 19 ] qd 7d"	7441	14.88%
"732 [ 38, 29 ] ks 4s"	7421	14.84%
"69 [ 12, 3 ] kh 4h"	7410	14.82%
"1317 [ 51, 42 ] kc 4c"	7407	14.81%
"964 [ 44, 18 ] 6c 6d"	7398	14.80%
"1270 [ 50, 45 ] qc 7c"	7398	14.80%
"483 [ 31, 18 ] 6s 6d"	7395	14.79%
"698 [ 37, 32 ] qs 7s"	7375	14.75%
"272 [ 23, 19 ] jd 7d"	7374	14.75%
"158 [ 18, 5 ] 6d 6h"	7371	14.74%
"1094 [ 47, 13 ] 9c ad"	7360	14.72%
"1221 [ 49, 45 ] jc 7c"	7358	14.72%
"977 [ 44, 31 ] 6c 6s"	7340	14.68%
"42 [ 9, 6 ] th 7h"	7329	14.66%
"189 [ 19, 18 ] 7d 6d"	7321	14.64%
"470 [ 31, 5 ] 6s 6h"	7316	14.63%
"20 [ 6, 5 ] 7h 6h"	7314	14.63%
"68 [ 12, 2 ] kh 3h"	7314	14.63%
"662 [ 36, 32 ] js 7s"	7310	14.62%
"527 [ 32, 31 ] 7s 6s"	7306	14.61%
"1081 [ 47, 0 ] 9c ah"	7304	14.61%
"574 [ 34, 13 ] 9s ad"	7300	14.60%
"86 [ 13, 8 ] ad 9h"	7296	14.59%
"561 [ 34, 0 ] 9s ah"	7295	14.59%
"1034 [ 45, 44 ] 7c 6c"	7273	14.55%
"208 [ 20, 18 ] 8d 6d"	7272	14.54%
"1136 [ 48, 8 ] tc 9h"	7272	14.54%
"51 [ 10, 6 ] jh 7h"	7270	14.54%
"1116 [ 47, 35 ] 9c ts"	7269	14.54%
"1269 [ 50, 44 ] qc 6c"	7257	14.51%
"333 [ 26, 8 ] as 9h"	7251	14.50%
"1149 [ 48, 21 ] tc 9d"	7248	14.50%
"1107 [ 47, 26 ] 9c as"	7245	14.49%
"346 [ 26, 21 ] as 9d"	7241	14.48%
"239 [ 22, 8 ] td 9h"	7235	14.47%
"697 [ 37, 31 ] qs 6s"	7211	14.42%
"559 [ 33, 31 ] 8s 6s"	7210	14.42%
"989 [ 44, 43 ] 6c 5c"	7210	14.42%
"775 [ 39, 34 ] ac 9s"	7207	14.41%
"210 [ 21, 0 ] 9d ah"	7204	14.41%
"1316 [ 51, 41 ] kc 3c"	7198	14.40%
"731 [ 38, 28 ] ks 3s"	7196	14.39%
"294 [ 24, 18 ] qd 6d"	7162	14.32%
"762 [ 39, 21 ] ac 9d"	7152	14.30%
"749 [ 39, 8 ] ac 9h"	7150	14.30%
"1162 [ 48, 34 ] tc 9s"	7148	14.30%
"60 [ 11, 5 ] qh 6h"	7144	14.29%
"219 [ 21, 9 ] 9d th"	7141	14.28%
"603 [ 35, 8 ] ts 9h"	7141	14.28%
"315 [ 25, 15 ] kd 3d"	7138	14.28%
"170 [ 18, 17 ] 6d 5d"	7134	14.27%
"1090 [ 47, 9 ] 9c th"	7133	14.27%
"616 [ 35, 21 ] ts 9d"	7130	14.26%
"1103 [ 47, 22 ] 9c td"	7121	14.24%
"26 [ 7, 5 ] 8h 6h"	7118	14.24%
"583 [ 34, 22 ] 9s td"	7106	14.21%
"14 [ 5, 4 ] 6h 5h"	7103	14.21%
"526 [ 32, 30 ] 7s 5s"	7102	14.20%
"293 [ 24, 17 ] qd 5d"	7095	14.19%
"314 [ 25, 14 ] kd 2d"	7086	14.17%
"774 [ 39, 33 ] ac 8s"	7084	14.17%
"67 [ 12, 1 ] kh 2h"	7078	14.16%
"730 [ 38, 27 ] ks 2s"	7076	14.15%
"945 [ 43, 42 ] 5c 4c"	7054	14.11%
"59 [ 11, 4 ] qh 5h"	7047	14.09%
"1117 [ 47, 36 ] 9c js"	7045	14.09%
"711 [ 38, 8 ] ks 9h"	7042	14.08%
"1268 [ 50, 43 ] qc 5c"	7029	14.06%
"584 [ 34, 23 ] 9s jd"	7024	14.05%
"9 [ 4, 3 ] 5h 4h"	7019	14.04%
"1079 [ 46, 44 ] 8c 6c"	7018	14.04%
"495 [ 31, 30 ] 6s 5s"	7016	14.03%
"1315 [ 51, 40 ] kc 2c"	7016	14.03%
"452 [ 30, 17 ] 5s 5d"	7011	14.02%
"570 [ 34, 9 ] 9s th"	7011	14.02%
"907 [ 43, 4 ] 5c 5h"	7008	14.02%
"586 [ 34, 25 ] 9s kd"	7007	14.01%
"696 [ 37, 30 ] qs 5s"	7003	14.01%
"761 [ 39, 20 ] ac 8d"	7002	14.00%
"1104 [ 47, 23 ] 9c jd"	7002	14.00%
"1093 [ 47, 12 ] 9c kh"	6990	13.98%
"748 [ 39, 7 ] ac 8h"	6988	13.98%
"332 [ 26, 7 ] as 8h"	6987	13.97%
"626 [ 35, 31 ] ts 6s"	6987	13.97%
"573 [ 34, 12 ] 9s kh"	6978	13.96%
"1033 [ 45, 43 ] 7c 5c"	6973	13.95%
"933 [ 43, 30 ] 5c 5s"	6971	13.94%
"152 [ 17, 16 ] 5d 4d"	6968	13.94%
"1184 [ 49, 8 ] jc 9h"	6968	13.94%
"190 [ 20, 0 ] 8d ah"	6966	13.93%
"1048 [ 46, 13 ] 8c ad"	6965	13.93%
"724 [ 38, 21 ] ks 9d"	6952	13.90%
"1172 [ 48, 44 ] tc 6c"	6947	13.89%
"1092 [ 47, 11 ] 9c qh"	6945	13.89%
"41 [ 9, 5 ] th 6h"	6938	13.88%
"528 [ 33, 0 ] 8s ah"	6936	13.87%
"439 [ 30, 4 ] 5s 5h"	6935	13.87%
"1105 [ 47, 24 ] 9c qd"	6933	13.87%
"85 [ 13, 7 ] ad 8h"	6932	13.86%
"222 [ 21, 12 ] 9d kh"	6931	13.86%
"228 [ 21, 18 ] 9d 6d"	6929	13.86%
"920 [ 43, 17 ] 5c 5d"	6919	13.84%
"464 [ 30, 29 ] 5s 4s"	6917	13.83%
"571 [ 34, 10 ] 9s jh"	6916	13.83%
"1309 [ 51, 34 ] kc 9s"	6914	13.83%
"695 [ 37, 29 ] qs 4s"	6913	13.83%
"1210 [ 49, 34 ] jc 9s"	6911	13.82%
"585 [ 34, 24 ] 9s qd"	6910	13.82%
"1125 [ 47, 44 ] 9c 6c"	6910	13.82%
"592 [ 34, 31 ] 9s 6s"	6908	13.82%
"19 [ 6, 4 ] 7h 5h"	6906	13.81%
"1106 [ 47, 25 ] 9c kd"	6902	13.80%
"1296 [ 51, 21 ] kc 9d"	6888	13.78%
"221 [ 21, 11 ] 9d qh"	6882	13.76%
"1267 [ 50, 42 ] qc 4c"	6881	13.76%
"308 [ 25, 8 ] kd 9h"	6878	13.76%
"1035 [ 46, 0 ] 8c ah"	6871	13.74%
"1259 [ 50, 34 ] qc 9s"	6867	13.73%
"140 [ 17, 4 ] 5d 5h"	6866	13.73%
"771 [ 39, 30 ] ac 5s"	6865	13.73%
"651 [ 36, 21 ] js 9d"	6864	13.73%
"188 [ 19, 17 ] 7d 5d"	6859	13.72%
"1283 [ 51, 8 ] kc 9h"	6859	13.72%
"220 [ 21, 10 ] 9d jh"	6858	13.72%
"1091 [ 47, 10 ] 9c jh"	6858	13.72%
"1246 [ 50, 21 ] qc 9d"	6853	13.71%
"541 [ 33, 13 ] 8s ad"	6851	13.70%
"1118 [ 47, 37 ] 9c qs"	6851	13.70%
"249 [ 22, 18 ] td 6d"	6848	13.70%
"638 [ 36, 8 ] js 9h"	6847	13.69%
"292 [ 24, 16 ] qd 4d"	6845	13.69%
"435 [ 30, 0 ] 5s ah"	6837	13.67%
"58 [ 11, 3 ] qh 4h"	6834	13.67%
"448 [ 30, 13 ] 5s ad"	6831	13.66%
"261 [ 23, 8 ] jd 9h"	6828	13.66%
"1119 [ 47, 38 ] 9c ks"	6820	13.64%
"1197 [ 49, 21 ] jc 9d"	6817	13.63%
"687 [ 37, 21 ] qs 9d"	6802	13.60%
"136 [ 17, 0 ] 5d ah"	6798	13.60%
"33 [ 8, 5 ] 9h 6h"	6795	13.59%
"1233 [ 50, 8 ] qc 9h"	6792	13.58%
"82 [ 13, 4 ] ad 5h"	6789	13.58%
"674 [ 37, 8 ] qs 9h"	6789	13.58%
"661 [ 36, 31 ] js 6s"	6785	13.57%
"342 [ 26, 17 ] as 5d"	6782	13.56%
"916 [ 43, 13 ] 5c ad"	6775	13.55%
"572 [ 34, 11 ] 9s qh"	6772	13.54%
"1061 [ 46, 26 ] 8c as"	6771	13.54%
"864 [ 42, 3 ] 4c 4h"	6762	13.52%
"345 [ 26, 20 ] as 8d"	6754	13.51%
"1220 [ 49, 44 ] jc 6c"	6753	13.51%
"929 [ 43, 26 ] 5c as"	6749	13.50%
"694 [ 37, 28 ] qs 3s"	6746	13.49%
"903 [ 43, 0 ] 5c ah"	6744	13.49%
"291 [ 24, 15 ] qd 3d"	6740	13.48%
"422 [ 29, 16 ] 4s 4d"	6740	13.48%
"1219 [ 49, 43 ] jc 5c"	6736	13.47%
"409 [ 29, 3 ] 4s 4h"	6723	13.45%
"890 [ 42, 29 ] 4c 4s"	6720	13.44%
"49 [ 10, 4 ] jh 5h"	6719	13.44%
"1016 [ 45, 26 ] 7c as"	6718	13.44%
"50 [ 10, 5 ] jh 6h"	6711	13.42%
"344 [ 26, 19 ] as 7d"	6709	13.42%
"123 [ 16, 3 ] 4d 4h"	6704	13.41%
"760 [ 39, 19 ] ac 7d"	6699	13.40%
"331 [ 26, 6 ] as 7h"	6689	13.38%
"270 [ 23, 17 ] jd 5d"	6688	13.38%
"660 [ 36, 30 ] js 5s"	6687	13.37%
"284 [ 24, 8 ] qd 9h"	6685	13.37%
"745 [ 39, 4 ] ac 5h"	6683	13.37%
"13 [ 5, 3 ] 6h 4h"	6682	13.36%
"57 [ 11, 2 ] qh 3h"	6680	13.36%
"329 [ 26, 4 ] as 5h"	6666	13.33%
"877 [ 42, 16 ] 4c 4d"	6663	13.33%
"835 [ 41, 15 ] 3c 3d"	6662	13.32%
"758 [ 39, 17 ] ac 5d"	6657	13.31%
"988 [ 44, 42 ] 6c 4c"	6653	13.31%
"1266 [ 50, 41 ] qc 3c"	6653	13.31%
"509 [ 32, 13 ] 7s ad"	6652	13.30%
"1078 [ 46, 43 ] 8c 5c"	6647	13.29%
"271 [ 23, 18 ] jd 6d"	6642	13.28%
"171 [ 19, 0 ] 7d ah"	6631	13.26%
"269 [ 23, 16 ] jd 4d"	6624	13.25%
"1218 [ 49, 42 ] jc 4c"	6624	13.25%
"773 [ 39, 32 ] ac 7s"	6623	13.25%
"747 [ 39, 6 ] ac 7h"	6619	13.24%
"558 [ 33, 30 ] 8s 5s"	6614	13.23%
"496 [ 32, 0 ] 7s ah"	6612	13.22%
"120 [ 16, 0 ] 4d ah"	6601	13.20%
"822 [ 41, 2 ] 3c 3h"	6601	13.20%
"207 [ 20, 17 ] 8d 5d"	6600	13.20%
"659 [ 36, 29 ] js 4s"	6588	13.18%
"944 [ 43, 41 ] 5c 3c"	6588	13.18%
"757 [ 39, 16 ] ac 4d"	6582	13.16%
"887 [ 42, 26 ] 4c as"	6582	13.16%
"1265 [ 50, 40 ] qc 2c"	6582	13.16%
"744 [ 39, 3 ] ac 4h"	6569	13.14%
"393 [ 28, 15 ] 3s 3d"	6568	13.14%
"25 [ 7, 4 ] 8h 5h"	6567	13.13%
"1003 [ 45, 13 ] 7c ad"	6564	13.13%
"406 [ 29, 0 ] 4s ah"	6563	13.13%
"169 [ 18, 16 ] 6d 4d"	6550	13.10%
"419 [ 29, 13 ] 4s ad"	6549	13.10%
"465 [ 31, 0 ] 6s ah"	6546	13.09%
"107 [ 15, 2 ] 3d 3h"	6543	13.09%
"56 [ 11, 1 ] qh 2h"	6542	13.08%
"84 [ 13, 6 ] ad 7h"	6540	13.08%
"861 [ 42, 0 ] 4c ah"	6531	13.06%
"990 [ 45, 0 ] 7c ah"	6530	13.06%
"494 [ 31, 29 ] 6s 4s"	6528	13.06%
"846 [ 41, 26 ] 3c as"	6528	13.06%
"848 [ 41, 28 ] 3c 3s"	6525	13.05%
"365 [ 27, 14 ] 2s 2d"	6514	13.03%
"794 [ 40, 14 ] 2c 2d"	6503	13.01%
"8 [ 4, 2 ] 5h 3h"	6501	13.00%
"83 [ 13, 5 ] ad 6h"	6499	13.00%
"199 [ 20, 9 ] 8d th"	6495	12.99%
"1070 [ 46, 35 ] 8c ts"	6495	12.99%
"743 [ 39, 2 ] ac 3h"	6494	12.99%
"874 [ 42, 13 ] 4c ad"	6491	12.98%
"380 [ 28, 2 ] 3s 3h"	6488	12.98%
"781 [ 40, 1 ] 2c 2h"	6486	12.97%
"341 [ 26, 16 ] as 4d"	6475	12.95%
"352 [ 27, 1 ] 2s 2h"	6472	12.94%
"1171 [ 48, 43 ] tc 5c"	6472	12.94%
"47 [ 10, 2 ] jh 3h"	6470	12.94%
"625 [ 35, 30 ] ts 5s"	6470	12.94%
"693 [ 37, 27 ] qs 2s"	6469	12.94%
"770 [ 39, 29 ] ac 4s"	6466	12.93%
"40 [ 9, 4 ] th 5h"	6465	12.93%
"328 [ 26, 3 ] as 4h"	6461	12.92%
"746 [ 39, 5 ] ac 6h"	6461	12.92%
"343 [ 26, 18 ] as 6d"	6456	12.91%
"1148 [ 48, 20 ] tc 8d"	6451	12.90%
"81 [ 13, 3 ] ad 4h"	6450	12.90%
"759 [ 39, 18 ] ac 6d"	6441	12.88%
"615 [ 35, 20 ] ts 8d"	6439	12.88%
"525 [ 32, 29 ] 7s 4s"	6431	12.86%
"591 [ 34, 30 ] 9s 5s"	6430	12.86%
"550 [ 33, 22 ] 8s td"	6424	12.85%
"959 [ 44, 13 ] 6c ad"	6421	12.84%
"946 [ 44, 0 ] 6c ah"	6420	12.84%
"48 [ 10, 3 ] jh 4h"	6414	12.83%
"820 [ 41, 0 ] 3c ah"	6414	12.83%
"537 [ 33, 9 ] 8s th"	6404	12.81%
"151 [ 17, 15 ] 5d 3d"	6401	12.80%
"92 [ 14, 1 ] 2d 2h"	6398	12.80%
"478 [ 31, 13 ] 6s ad"	6397	12.79%
"153 [ 18, 0 ] 6d ah"	6395	12.79%
"1124 [ 47, 43 ] 9c 5c"	6394	12.79%
"32 [ 8, 4 ] 9h 5h"	6389	12.78%
"1161 [ 48, 33 ] tc 8s"	6389	12.78%
"463 [ 30, 28 ] 5s 3s"	6384	12.77%
"248 [ 22, 17 ] td 5d"	6382	12.76%
"1044 [ 46, 9 ] 8c th"	6382	12.76%
"330 [ 26, 5 ] as 6h"	6381	12.76%
"833 [ 41, 13 ] 3c ad"	6378	12.76%
"227 [ 21, 17 ] 9d 5d"	6377	12.75%
"290 [ 24, 14 ] qd 2d"	6368	12.74%
"18 [ 6, 3 ] 7h 4h"	6367	12.73%
"268 [ 23, 15 ] jd 3d"	6366	12.73%
"1135 [ 48, 7 ] tc 8h"	6361	12.72%
"1057 [ 46, 22 ] 8c td"	6356	12.71%
"536 [ 33, 8 ] 8s 9h"	6351	12.70%
"972 [ 44, 26 ] 6c as"	6351	12.70%
"1088 [ 47, 7 ] 9c 8h"	6351	12.70%
"198 [ 20, 8 ] 8d 9h"	6349	12.70%
"1170 [ 48, 42 ] tc 4c"	6347	12.69%
"39 [ 9, 3 ] th 4h"	6345	12.69%
"1295 [ 51, 20 ] kc 8d"	6337	12.67%
"202 [ 20, 12 ] 8d kh"	6332	12.66%
"340 [ 26, 15 ] as 3d"	6325	12.65%
"105 [ 15, 0 ] 3d ah"	6318	12.64%
"238 [ 22, 7 ] td 8h"	6315	12.63%
"807 [ 40, 27 ] 2c 2s"	6315	12.63%
"391 [ 28, 13 ] 3s ad"	6313	12.63%
"602 [ 35, 7 ] ts 8h"	6313	12.63%
"1101 [ 47, 20 ] 9c 8d"	6313	12.63%
"1114 [ 47, 33 ] 9c 8s"	6307	12.61%
"769 [ 39, 28 ] ac 3s"	6306	12.61%
"772 [ 39, 31 ] ac 6s"	6306	12.61%
"549 [ 33, 21 ] 8s 9d"	6303	12.61%
"187 [ 19, 16 ] 7d 4d"	6299	12.60%
"1032 [ 45, 42 ] 7c 4c"	6299	12.60%
"658 [ 36, 28 ] js 3s"	6290	12.58%
"247 [ 22, 16 ] td 4d"	6282	12.56%
"1047 [ 46, 12 ] 8c kh"	6282	12.56%
"1282 [ 51, 7 ] kc 8h"	6279	12.56%
"378 [ 28, 0 ] 3s ah"	6274	12.55%
"1043 [ 46, 8 ] 8c 9h"	6269	12.54%
"38 [ 9, 2 ] th 3h"	6268	12.54%
"327 [ 26, 2 ] as 3h"	6253	12.51%
"568 [ 34, 7 ] 9s 8h"	6253	12.51%
"307 [ 25, 7 ] kd 8h"	6251	12.50%
"756 [ 39, 15 ] ac 3d"	6245	12.49%
"581 [ 34, 20 ] 9s 8d"	6243	12.49%
"1071 [ 46, 36 ] 8c js"	6243	12.49%
"723 [ 38, 20 ] ks 8d"	6235	12.47%
"540 [ 33, 12 ] 8s kh"	6230	12.46%
"539 [ 33, 11 ] 8s qh"	6227	12.45%
"1059 [ 46, 24 ] 8c qd"	6223	12.45%
"637 [ 36, 7 ] js 8h"	6217	12.43%
"650 [ 36, 20 ] js 8d"	6216	12.43%
"1056 [ 46, 21 ] 8c 9d"	6215	12.43%
"1069 [ 46, 34 ] 8c 9s"	6213	12.43%
"1060 [ 46, 25 ] 8c kd"	6206	12.41%
"135 [ 16, 15 ] 4d 3d"	6199	12.40%
"552 [ 33, 24 ] 8s qd"	6195	12.39%
"710 [ 38, 7 ] ks 8h"	6195	12.39%
"260 [ 23, 7 ] jd 8h"	6191	12.38%
"267 [ 23, 14 ] jd 2d"	6190	12.38%
"1217 [ 49, 41 ] jc 3c"	6190	12.38%
"80 [ 13, 2 ] ad 3h"	6188	12.38%
"673 [ 37, 7 ] qs 8h"	6179	12.36%
"1028 [ 45, 38 ] 7c ks"	6168	12.34%
"755 [ 39, 14 ] ac 2d"	6166	12.33%
"1216 [ 49, 40 ] jc 2c"	6164	12.33%
"217 [ 21, 7 ] 9d 8h"	6162	12.32%
"902 [ 42, 41 ] 4c 3c"	6161	12.32%
"793 [ 40, 13 ] 2c ad"	6160	12.32%
"200 [ 20, 10 ] 8d jh"	6156	12.31%
"553 [ 33, 25 ] 8s kd"	6149	12.30%
"1058 [ 46, 23 ] 8c jd"	6146	12.29%
"1045 [ 46, 10 ] 8c jh"	6140	12.28%
"1209 [ 49, 33 ] jc 8s"	6137	12.27%
"434 [ 29, 28 ] 4s 3s"	6132	12.26%
"1015 [ 45, 25 ] 7c kd"	6132	12.26%
"46 [ 10, 1 ] jh 2h"	6129	12.26%
"624 [ 35, 29 ] ts 4s"	6128	12.26%
"1169 [ 48, 41 ] tc 3c"	6120	12.24%
"183 [ 19, 12 ] 7d kh"	6117	12.23%
"1258 [ 50, 33 ] qc 8s"	6116	12.23%
"1308 [ 51, 33 ] kc 8s"	6115	12.23%
"1183 [ 49, 7 ] jc 8h"	6114	12.23%
"806 [ 40, 26 ] 2c as"	6103	12.21%
"283 [ 24, 7 ] qd 8h"	6101	12.20%
"246 [ 22, 15 ] td 3d"	6093	12.19%
"657 [ 36, 27 ] js 2s"	6092	12.18%
"551 [ 33, 23 ] 8s jd"	6089	12.18%
"1073 [ 46, 38 ] 8c ks"	6089	12.18%
"742 [ 39, 1 ] ac 2h"	6087	12.17%
"557 [ 33, 29 ] 8s 4s"	6086	12.17%
"1196 [ 49, 20 ] jc 8d"	6086	12.17%
"538 [ 33, 10 ] 8s jh"	6079	12.16%
"79 [ 13, 1 ] ad 2h"	6077	12.15%
"364 [ 27, 13 ] 2s ad"	6074	12.15%
"780 [ 40, 0 ] 2c ah"	6073	12.15%
"326 [ 26, 1 ] as 2h"	6065	12.13%
"5 [ 3, 2 ] 4h 3h"	6049	12.10%
"1294 [ 51, 19 ] kc 7d"	6047	12.09%
"1245 [ 50, 20 ] qc 8d"	6046	12.09%
"168 [ 18, 15 ] 6d 3d"	6044	12.09%
"1307 [ 51, 32 ] kc 7s"	6040	12.08%
"1002 [ 45, 12 ] 7c kh"	6037	12.07%
"1072 [ 46, 37 ] 8c qs"	6033	12.07%
"987 [ 44, 41 ] 6c 3c"	6032	12.06%
"339 [ 26, 14 ] as 2d"	6030	12.06%
"306 [ 25, 6 ] kd 7h"	6021	12.04%
"997 [ 45, 7 ] 7c 8h"	6018	12.04%
"623 [ 35, 28 ] ts 3s"	6009	12.02%
"351 [ 27, 0 ] 2s ah"	6008	12.02%
"1281 [ 51, 6 ] kc 7h"	6006	12.01%
"206 [ 20, 16 ] 8d 4d"	6003	12.01%
"201 [ 20, 11 ] 8d qh"	6000	12.00%
"686 [ 37, 20 ] qs 8d"	6000	12.00%
"493 [ 31, 28 ] 6s 3s"	5999	12.00%
"37 [ 9, 1 ] th 2h"	5994	11.99%
"722 [ 38, 19 ] ks 7d"	5993	11.99%
"91 [ 14, 0 ] 2d ah"	5990	11.98%
"768 [ 39, 27 ] ac 2s"	5984	11.97%
"12 [ 5, 2 ] 6h 3h"	5972	11.94%
"1123 [ 47, 42 ] 9c 4c"	5965	11.93%
"7 [ 4, 1 ] 5h 2h"	5962	11.92%
"709 [ 38, 6 ] ks 7h"	5955	11.91%
"24 [ 7, 3 ] 8h 4h"	5949	11.90%
"1046 [ 46, 11 ] 8c qh"	5948	11.90%
"521 [ 32, 25 ] 7s kd"	5944	11.89%
"1010 [ 45, 20 ] 7c 8d"	5940	11.88%
"1077 [ 46, 42 ] 8c 4c"	5929	11.86%
"508 [ 32, 12 ] 7s kh"	5924	11.85%
"490 [ 31, 25 ] 6s kd"	5918	11.84%
"462 [ 30, 27 ] 5s 2s"	5905	11.81%
"534 [ 33, 6 ] 8s 7h"	5894	11.79%
"1232 [ 50, 7 ] qc 8h"	5893	11.79%
"150 [ 17, 14 ] 5d 2d"	5873	11.75%
"1168 [ 48, 40 ] tc 2c"	5868	11.74%
"1023 [ 45, 33 ] 7c 8s"	5864	11.73%
"1113 [ 47, 32 ] 9c 7s"	5860	11.72%
"245 [ 22, 14 ] td 2d"	5857	11.71%
"547 [ 33, 19 ] 8s 7d"	5854	11.71%
"516 [ 32, 20 ] 7s 8d"	5852	11.70%
"622 [ 35, 27 ] ts 2s"	5851	11.70%
"984 [ 44, 38 ] 6c ks"	5851	11.70%
"196 [ 20, 6 ] 8d 7h"	5849	11.70%
"477 [ 31, 12 ] 6s kh"	5848	11.70%
"971 [ 44, 25 ] 6c kd"	5848	11.70%
"1147 [ 48, 19 ] tc 7d"	5847	11.69%
"721 [ 38, 18 ] ks 6d"	5846	11.69%
"31 [ 8, 3 ] 9h 4h"	5844	11.69%
"178 [ 19, 7 ] 7d 8h"	5840	11.68%
"505 [ 32, 9 ] 7s th"	5824	11.65%
"943 [ 43, 40 ] 5c 2c"	5814	11.63%
"901 [ 42, 40 ] 4c 2c"	5791	11.58%
"1041 [ 46, 6 ] 8c 7h"	5780	11.56%
"998 [ 45, 8 ] 7c 9h"	5774	11.55%
"4 [ 3, 1 ] 4h 2h"	5772	11.54%
"1067 [ 46, 32 ] 8c 7s"	5766	11.53%
"1280 [ 51, 5 ] kc 6h"	5764	11.53%
"17 [ 6, 2 ] 7h 3h"	5761	11.52%
"1122 [ 47, 41 ] 9c 3c"	5753	11.51%
"590 [ 34, 29 ] 9s 4s"	5751	11.50%
"708 [ 38, 5 ] ks 6h"	5750	11.50%
"433 [ 29, 27 ] 4s 2s"	5748	11.50%
"503 [ 32, 7 ] 7s 8h"	5748	11.50%
"1054 [ 46, 19 ] 8c 7d"	5740	11.48%
"226 [ 21, 16 ] 9d 4d"	5738	11.48%
"1031 [ 45, 41 ] 7c 3c"	5737	11.47%
"1160 [ 48, 32 ] tc 7s"	5737	11.47%
"1087 [ 47, 6 ] 9c 7h"	5725	11.45%
"134 [ 16, 14 ] 4d 2d"	5724	11.45%
"1292 [ 51, 17 ] kc 5d"	5722	11.44%
"518 [ 32, 22 ] 7s td"	5721	11.44%
"225 [ 21, 15 ] 9d 3d"	5718	11.44%
"1025 [ 45, 35 ] 7c ts"	5718	11.44%
"1305 [ 51, 30 ] kc 5s"	5717	11.43%
"186 [ 19, 15 ] 7d 3d"	5716	11.43%
"304 [ 25, 4 ] kd 5h"	5713	11.43%
"180 [ 19, 9 ] 7d th"	5707	11.41%
"928 [ 43, 25 ] 5c kd"	5707	11.41%
"517 [ 32, 21 ] 7s 9d"	5703	11.41%
"1306 [ 51, 31 ] kc 6s"	5700	11.40%
"460 [ 30, 25 ] 5s kd"	5696	11.39%
"447 [ 30, 12 ] 5s kh"	5695	11.39%
"958 [ 44, 12 ] 6c kh"	5689	11.38%
"305 [ 25, 5 ] kd 6h"	5687	11.37%
"567 [ 34, 6 ] 9s 7h"	5687	11.37%
"1293 [ 51, 18 ] kc 6d"	5683	11.37%
"720 [ 38, 17 ] ks 5d"	5682	11.36%
"1011 [ 45, 21 ] 7c 9d"	5682	11.36%
"1279 [ 51, 4 ] kc 5h"	5661	11.32%
"614 [ 35, 19 ] ts 7d"	5658	11.32%
"259 [ 23, 6 ] jd 7h"	5652	11.30%
"216 [ 21, 6 ] 9d 7h"	5649	11.30%
"1008 [ 45, 18 ] 7c 6d"	5649	11.30%
"1014 [ 45, 24 ] 7c qd"	5649	11.30%
"179 [ 19, 8 ] 7d 9h"	5648	11.30%
"999 [ 45, 9 ] 7c th"	5644	11.29%
"431 [ 29, 25 ] 4s kd"	5638	11.28%
"504 [ 32, 8 ] 7s 9h"	5638	11.28%
"707 [ 38, 4 ] ks 5h"	5636	11.27%
"148 [ 17, 12 ] 5d kh"	5634	11.27%
"915 [ 43, 12 ] 5c kh"	5631	11.26%
"1134 [ 48, 6 ] tc 7h"	5626	11.25%
"282 [ 24, 6 ] qd 7h"	5618	11.24%
"524 [ 32, 28 ] 7s 3s"	5616	11.23%
"30 [ 8, 2 ] 9h 3h"	5612	11.22%
"165 [ 18, 12 ] 6d kh"	5610	11.22%
"952 [ 44, 6 ] 6c 7h"	5604	11.21%
"237 [ 22, 6 ] td 7h"	5600	11.20%
"1013 [ 45, 23 ] 7c jd"	5600	11.20%
"1024 [ 45, 34 ] 7c 9s"	5596	11.19%
"589 [ 34, 28 ] 9s 3s"	5595	11.19%
"484 [ 31, 19 ] 6s 7d"	5594	11.19%
"601 [ 35, 6 ] ts 7h"	5594	11.19%
"501 [ 32, 5 ] 7s 6h"	5588	11.18%
"1012 [ 45, 22 ] 7c td"	5585	11.17%
"176 [ 19, 5 ] 7d 6h"	5580	11.16%
"1000 [ 45, 10 ] 7c jh"	5579	11.16%
"205 [ 20, 15 ] 8d 3d"	5575	11.15%
"1100 [ 47, 19 ] 9c 7d"	5573	11.15%
"159 [ 18, 6 ] 6d 7h"	5567	11.13%
"978 [ 44, 32 ] 6c 7s"	5564	11.13%
"965 [ 44, 19 ] 6c 7d"	5544	11.09%
"580 [ 34, 19 ] 9s 7d"	5541	11.08%
"471 [ 31, 6 ] 6s 7h"	5538	11.08%
"1021 [ 45, 31 ] 7c 6s"	5536	11.07%
"506 [ 32, 10 ] 7s jh"	5534	11.07%
"29 [ 8, 1 ] 9h 2h"	5524	11.05%
"507 [ 32, 11 ] 7s qh"	5522	11.04%
"941 [ 43, 38 ] 5c ks"	5518	11.04%
"995 [ 45, 5 ] 7c 6h"	5512	11.02%
"1001 [ 45, 11 ] 7c qh"	5511	11.02%
"1304 [ 51, 29 ] kc 4s"	5511	11.02%
"195 [ 20, 5 ] 8d 6h"	5507	11.01%
"519 [ 32, 23 ] 7s jd"	5493	10.99%
"472 [ 31, 7 ] 6s 8h"	5490	10.98%
"556 [ 33, 28 ] 8s 3s"	5486	10.97%
"1182 [ 49, 6 ] jc 7h"	5484	10.97%
"514 [ 32, 18 ] 7s 6d"	5481	10.96%
"182 [ 19, 11 ] 7d qh"	5477	10.95%
"873 [ 42, 12 ] 4c kh"	5473	10.95%
"132 [ 16, 12 ] 4d kh"	5470	10.94%
"23 [ 7, 2 ] 8h 3h"	5466	10.93%
"1121 [ 47, 40 ] 9c 2c"	5464	10.93%
"1208 [ 49, 32 ] jc 7s"	5464	10.93%
"224 [ 21, 14 ] 9d 2d"	5459	10.92%
"533 [ 33, 5 ] 8s 6h"	5456	10.91%
"636 [ 36, 6 ] js 7h"	5450	10.90%
"966 [ 44, 20 ] 6c 8d"	5438	10.88%
"2 [ 2, 1 ] 3h 2h"	5436	10.87%
"588 [ 34, 27 ] 9s 2s"	5436	10.87%
"1026 [ 45, 36 ] 7c js"	5433	10.87%
"899 [ 42, 38 ] 4c ks"	5431	10.86%
"520 [ 32, 24 ] 7s qd"	5426	10.85%
"405 [ 28, 27 ] 3s 2s"	5421	10.84%
"886 [ 42, 25 ] 4c kd"	5421	10.84%
"1243 [ 50, 18 ] qc 6d"	5421	10.84%
"1040 [ 46, 5 ] 8c 6h"	5419	10.84%
"706 [ 38, 3 ] ks 4h"	5418	10.84%
"1278 [ 51, 3 ] kc 4h"	5415	10.83%
"860 [ 41, 40 ] 3c 2c"	5412	10.82%
"1027 [ 45, 37 ] 7c qs"	5412	10.82%
"167 [ 18, 14 ] 6d 2d"	5410	10.82%
"1257 [ 50, 32 ] qc 7s"	5407	10.81%
"546 [ 33, 18 ] 8s 6d"	5404	10.81%
"986 [ 44, 40 ] 6c 2c"	5404	10.81%
"469 [ 31, 4 ] 6s 5h"	5397	10.79%
"141 [ 17, 5 ] 5d 6h"	5391	10.78%
"1195 [ 49, 19 ] jc 7d"	5390	10.78%
"1291 [ 51, 16 ] kc 4d"	5389	10.78%
"281 [ 24, 5 ] qd 6h"	5386	10.77%
"303 [ 25, 3 ] kd 4h"	5386	10.77%
"555 [ 33, 27 ] 8s 2s"	5386	10.77%
"649 [ 36, 19 ] js 7d"	5380	10.76%
"492 [ 31, 27 ] 6s 2s"	5379	10.76%
"705 [ 38, 2 ] ks 3h"	5378	10.76%
"1066 [ 46, 31 ] 8c 6s"	5376	10.75%
"11 [ 5, 1 ] 6h 2h"	5374	10.75%
"979 [ 44, 33 ] 6c 8s"	5370	10.74%
"671 [ 37, 5 ] qs 6h"	5368	10.74%
"921 [ 43, 18 ] 5c 6d"	5368	10.74%
"672 [ 37, 6 ] qs 7h"	5366	10.73%
"1303 [ 51, 28 ] kc 3s"	5364	10.73%
"963 [ 44, 17 ] 6c 5d"	5361	10.72%
"1076 [ 46, 41 ] 8c 3c"	5360	10.72%
"157 [ 18, 4 ] 6d 5h"	5357	10.71%
"719 [ 38, 16 ] ks 4d"	5351	10.70%
"1231 [ 50, 6 ] qc 7h"	5349	10.70%
"119 [ 15, 14 ] 3d 2d"	5348	10.70%
"204 [ 20, 14 ] 8d 2d"	5348	10.70%
"390 [ 28, 12 ] 3s kh"	5341	10.68%
"1244 [ 50, 19 ] qc 7d"	5340	10.68%
"908 [ 43, 5 ] 5c 6h"	5339	10.68%
"685 [ 37, 19 ] qs 7d"	5333	10.67%
"718 [ 38, 15 ] ks 3d"	5333	10.67%
"181 [ 19, 10 ] 7d jh"	5331	10.66%
"1075 [ 46, 40 ] 8c 2c"	5329	10.66%
"957 [ 44, 11 ] 6c qh"	5328	10.66%
"418 [ 29, 12 ] 4s kh"	5326	10.65%
"1053 [ 46, 18 ] 8c 6d"	5321	10.64%
"485 [ 31, 20 ] 6s 8d"	5314	10.63%
"1256 [ 50, 31 ] qc 6s"	5314	10.63%
"950 [ 44, 4 ] 6c 5h"	5310	10.62%
"1290 [ 51, 15 ] kc 3d"	5306	10.61%
"441 [ 30, 6 ] 5s 7h"	5304	10.61%
"453 [ 30, 18 ] 5s 6d"	5303	10.61%
"440 [ 30, 5 ] 5s 6h"	5300	10.60%
"1277 [ 51, 2 ] kc 3h"	5300	10.60%
"160 [ 18, 7 ] 6d 8h"	5298	10.60%
"976 [ 44, 30 ] 6c 5s"	5285	10.57%
"983 [ 44, 37 ] 6c qs"	5279	10.56%
"878 [ 42, 17 ] 4c 5d"	5273	10.55%
"684 [ 37, 18 ] qs 6d"	5269	10.54%
"832 [ 41, 12 ] 3c kh"	5269	10.54%
"482 [ 31, 17 ] 6s 5d"	5268	10.54%
"934 [ 43, 31 ] 5c 6s"	5264	10.53%
"410 [ 29, 4 ] 4s 5h"	5261	10.52%
"403 [ 28, 25 ] 3s kd"	5260	10.52%
"476 [ 31, 11 ] 6s qh"	5259	10.52%
"489 [ 31, 24 ] 6s qd"	5259	10.52%
"845 [ 41, 25 ] 3c kd"	5258	10.52%
"22 [ 7, 1 ] 8h 2h"	5254	10.51%
"302 [ 25, 2 ] kd 3h"	5252	10.50%
"1020 [ 45, 30 ] 7c 5s"	5245	10.49%
"858 [ 41, 38 ] 3c ks"	5239	10.48%
"147 [ 17, 11 ] 5d qh"	5237	10.47%
"906 [ 43, 3 ] 5c 4h"	5232	10.46%
"438 [ 30, 3 ] 5s 4h"	5212	10.42%
"1007 [ 45, 17 ] 7c 5d"	5212	10.42%
"423 [ 29, 17 ] 4s 5d"	5209	10.42%
"1229 [ 50, 4 ] qc 5h"	5205	10.41%
"280 [ 24, 4 ] qd 5h"	5204	10.41%
"970 [ 44, 24 ] 6c qd"	5203	10.41%
"363 [ 27, 12 ] 2s kh"	5198	10.40%
"953 [ 44, 7 ] 6c 8h"	5197	10.39%
"185 [ 19, 14 ] 7d 2d"	5196	10.39%
"1276 [ 51, 1 ] kc 2h"	5191	10.38%
"117 [ 15, 12 ] 3d kh"	5190	10.38%
"932 [ 43, 29 ] 5c 4s"	5190	10.38%
"954 [ 44, 8 ] 6c 9h"	5188	10.38%
"139 [ 17, 3 ] 5d 4h"	5185	10.37%
"16 [ 6, 1 ] 7h 2h"	5184	10.37%
"600 [ 35, 5 ] ts 6h"	5180	10.36%
"164 [ 18, 11 ] 6d qh"	5177	10.35%
"103 [ 14, 12 ] 2d kh"	5176	10.35%
"161 [ 18, 8 ] 6d 9h"	5174	10.35%
"968 [ 44, 22 ] 6c td"	5170	10.34%
"1302 [ 51, 27 ] kc 2s"	5167	10.33%
"927 [ 43, 24 ] 5c qd"	5161	10.32%
"919 [ 43, 16 ] 5c 4d"	5156	10.31%
"865 [ 42, 4 ] 4c 5h"	5155	10.31%
"459 [ 30, 24 ] 5s qd"	5150	10.30%
"683 [ 37, 17 ] qs 5d"	5150	10.30%
"124 [ 16, 4 ] 4d 5h"	5148	10.30%
"1133 [ 48, 5 ] tc 6h"	5148	10.30%
"1099 [ 47, 18 ] 9c 6d"	5145	10.29%
"486 [ 31, 21 ] 6s 9d"	5143	10.29%
"473 [ 31, 8 ] 6s 9h"	5135	10.27%
"717 [ 38, 14 ] ks 2d"	5133	10.27%
"215 [ 21, 5 ] 9d 6h"	5131	10.26%
"935 [ 43, 32 ] 5c 7s"	5130	10.26%
"1242 [ 50, 17 ] qc 5d"	5127	10.25%
"994 [ 45, 4 ] 7c 5h"	5121	10.24%
"1230 [ 50, 5 ] qc 6h"	5118	10.24%
"914 [ 43, 11 ] 5c qh"	5117	10.23%
"940 [ 43, 37 ] 5c qs"	5112	10.22%
"513 [ 32, 17 ] 7s 5d"	5110	10.22%
"579 [ 34, 18 ] 9s 6d"	5110	10.22%
"980 [ 44, 34 ] 6c 9s"	5110	10.22%
"1086 [ 47, 5 ] 9c 6h"	5108	10.22%
"451 [ 30, 16 ] 5s 4d"	5107	10.21%
"487 [ 31, 22 ] 6s td"	5106	10.21%
"967 [ 44, 21 ] 6c 9d"	5106	10.21%
"981 [ 44, 35 ] 6c ts"	5106	10.21%
"566 [ 34, 5 ] 9s 6h"	5102	10.20%
"922 [ 43, 19 ] 5c 7d"	5102	10.20%
"474 [ 31, 9 ] 6s th"	5099	10.20%
"446 [ 30, 11 ] 5s qh"	5097	10.19%
"1255 [ 50, 30 ] qc 5s"	5091	10.18%
"523 [ 32, 27 ] 7s 2s"	5090	10.18%
"454 [ 30, 19 ] 5s 7d"	5088	10.18%
"1112 [ 47, 31 ] 9c 6s"	5088	10.18%
"1289 [ 51, 14 ] kc 2d"	5087	10.17%
"955 [ 44, 9 ] 6c th"	5086	10.17%
"1159 [ 48, 31 ] tc 6s"	5082	10.16%
"175 [ 19, 4 ] 7d 5h"	5075	10.15%
"670 [ 37, 4 ] qs 5h"	5074	10.15%
"891 [ 42, 30 ] 4c 5s"	5074	10.15%
"1030 [ 45, 40 ] 7c 2c"	5071	10.14%
"142 [ 17, 6 ] 5d 7h"	5065	10.13%
"704 [ 38, 1 ] ks 2h"	5063	10.13%
"792 [ 40, 12 ] 2c kh"	5062	10.12%
"500 [ 32, 4 ] 7s 5h"	5058	10.12%
"909 [ 43, 6 ] 5c 7h"	5046	10.09%
"417 [ 29, 11 ] 4s qh"	5045	10.09%
"131 [ 16, 11 ] 4d qh"	5041	10.08%
"969 [ 44, 23 ] 6c jd"	5027	10.05%
"125 [ 16, 5 ] 4d 6h"	5024	10.05%
"669 [ 37, 3 ] qs 4h"	5018	10.04%
"376 [ 27, 25 ] 2s kd"	5017	10.03%
"162 [ 18, 9 ] 6d th"	5015	10.03%
"805 [ 40, 25 ] 2c kd"	4999	10.00%
"236 [ 22, 5 ] td 6h"	4995	9.99%
"301 [ 25, 1 ] kd 2h"	4987	9.97%
"475 [ 31, 10 ] 6s jh"	4984	9.97%
"818 [ 40, 38 ] 2c ks"	4964	9.93%
"635 [ 36, 5 ] js 6h"	4958	9.92%
"910 [ 43, 7 ] 5c 8h"	4947	9.89%
"1146 [ 48, 18 ] tc 6d"	4943	9.89%
"1194 [ 49, 18 ] jc 6d"	4942	9.88%
"258 [ 23, 5 ] jd 6h"	4936	9.87%
"898 [ 42, 37 ] 4c qs"	4935	9.87%
"892 [ 42, 31 ] 4c 6s"	4933	9.87%
"1207 [ 49, 31 ] jc 6s"	4932	9.86%
"962 [ 44, 16 ] 6c 4d"	4929	9.86%
"613 [ 35, 18 ] ts 6d"	4928	9.86%
"1254 [ 50, 29 ] qc 4s"	4921	9.84%
"279 [ 24, 3 ] qd 4h"	4910	9.82%
"949 [ 44, 3 ] 6c 4h"	4908	9.82%
"682 [ 37, 16 ] qs 4d"	4901	9.80%
"1241 [ 50, 16 ] qc 4d"	4893	9.79%
"455 [ 30, 20 ] 5s 8d"	4892	9.78%
"430 [ 29, 24 ] 4s qd"	4889	9.78%
"194 [ 20, 4 ] 8d 5h"	4886	9.77%
"866 [ 42, 5 ] 4c 6h"	4886	9.77%
"1065 [ 46, 30 ] 8c 5s"	4886	9.77%
"956 [ 44, 10 ] 6c jh"	4883	9.77%
"1180 [ 49, 4 ] jc 5h"	4883	9.77%
"648 [ 36, 18 ] js 6d"	4875	9.75%
"488 [ 31, 23 ] 6s jd"	4872	9.74%
"411 [ 29, 5 ] 4s 6h"	4865	9.73%
"1181 [ 49, 5 ] jc 6h"	4862	9.72%
"458 [ 30, 23 ] 5s jd"	4845	9.69%
"872 [ 42, 11 ] 4c qh"	4843	9.69%
"445 [ 30, 10 ] 5s jh"	4840	9.68%
"156 [ 18, 3 ] 6d 4h"	4834	9.67%
"634 [ 36, 4 ] js 5h"	4822	9.64%
"831 [ 41, 11 ] 3c qh"	4822	9.64%
"545 [ 33, 17 ] 8s 5d"	4820	9.64%
"468 [ 31, 3 ] 6s 4h"	4818	9.64%
"442 [ 30, 7 ] 5s 8h"	4817	9.63%
"982 [ 44, 36 ] 6c js"	4817	9.63%
"1228 [ 50, 3 ] qc 4h"	4809	9.62%
"163 [ 18, 10 ] 6d jh"	4807	9.61%
"257 [ 23, 4 ] jd 5h"	4807	9.61%
"879 [ 42, 18 ] 4c 6d"	4806	9.61%
"668 [ 37, 2 ] qs 3h"	4794	9.59%
"857 [ 41, 37 ] 3c qs"	4794	9.59%
"424 [ 29, 18 ] 4s 6d"	4793	9.59%
"481 [ 31, 16 ] 6s 4d"	4780	9.56%
"116 [ 15, 11 ] 3d qh"	4778	9.56%
"936 [ 43, 33 ] 5c 8s"	4771	9.54%
"885 [ 42, 24 ] 4c qd"	4769	9.54%
"389 [ 28, 11 ] 3s qh"	4767	9.53%
"923 [ 43, 20 ] 5c 8d"	4767	9.53%
"278 [ 24, 2 ] qd 3h"	4761	9.52%
"1193 [ 49, 17 ] jc 5d"	4761	9.52%
"824 [ 41, 4 ] 3c 5h"	4757	9.51%
"1240 [ 50, 15 ] qc 3d"	4753	9.51%
"1227 [ 50, 2 ] qc 3h"	4750	9.50%
"1253 [ 50, 28 ] qc 3s"	4744	9.49%
"975 [ 44, 29 ] 6c 4s"	4743	9.49%
"143 [ 17, 7 ] 5d 8h"	4742	9.48%
"926 [ 43, 23 ] 5c jd"	4742	9.48%
"146 [ 17, 10 ] 5d jh"	4741	9.48%
"1206 [ 49, 30 ] jc 5s"	4732	9.46%
"918 [ 43, 15 ] 5c 3d"	4728	9.46%
"931 [ 43, 28 ] 5c 3s"	4725	9.45%
"1052 [ 46, 17 ] 8c 5d"	4722	9.44%
"277 [ 24, 1 ] qd 2h"	4720	9.44%
"897 [ 42, 36 ] 4c js"	4703	9.41%
"905 [ 43, 2 ] 5c 3h"	4702	9.40%
"1039 [ 46, 4 ] 8c 5h"	4702	9.40%
"1205 [ 49, 29 ] jc 4s"	4701	9.40%
"429 [ 29, 23 ] 4s jd"	4698	9.40%
"437 [ 30, 2 ] 5s 3h"	4693	9.39%
"532 [ 33, 4 ] 8s 5h"	4692	9.38%
"680 [ 37, 14 ] qs 2d"	4691	9.38%
"647 [ 36, 17 ] js 5d"	4690	9.38%
"395 [ 28, 17 ] 3s 5d"	4688	9.38%
"109 [ 15, 4 ] 3d 5h"	4679	9.36%
"382 [ 28, 4 ] 3s 5h"	4678	9.36%
"913 [ 43, 10 ] 5c jh"	4671	9.34%
"837 [ 41, 17 ] 3c 5d"	4670	9.34%
"939 [ 43, 36 ] 5c js"	4668	9.34%
"102 [ 14, 11 ] 2d qh"	4667	9.33%
"1226 [ 50, 1 ] qc 2h"	4667	9.33%
"681 [ 37, 15 ] qs 3d"	4658	9.32%
"844 [ 41, 24 ] 3c qd"	4653	9.31%
"804 [ 40, 24 ] 2c qd"	4641	9.28%
"850 [ 41, 30 ] 3c 5s"	4639	9.28%
"450 [ 30, 15 ] 5s 3d"	4629	9.26%
"925 [ 43, 22 ] 5c td"	4629	9.26%
"1252 [ 50, 27 ] qc 2s"	4626	9.25%
"138 [ 17, 2 ] 5d 3h"	4625	9.25%
"871 [ 42, 10 ] 4c jh"	4617	9.23%
"817 [ 40, 37 ] 2c qs"	4600	9.20%
"1179 [ 49, 3 ] jc 4h"	4598	9.20%
"456 [ 30, 21 ] 5s 9d"	4596	9.19%
"599 [ 35, 4 ] ts 5h"	4593	9.19%
"884 [ 42, 23 ] 4c jd"	4593	9.19%
"416 [ 29, 10 ] 4s jh"	4587	9.17%
"130 [ 16, 10 ] 4d jh"	4586	9.17%
"1192 [ 49, 16 ] jc 4d"	4586	9.17%
"578 [ 34, 17 ] 9s 5d"	4582	9.16%
"667 [ 37, 1 ] qs 2h"	4581	9.16%
"402 [ 28, 24 ] 3s qd"	4576	9.15%
"1239 [ 50, 14 ] qc 2d"	4574	9.15%
"1132 [ 48, 4 ] tc 5h"	4573	9.15%
"362 [ 27, 11 ] 2s qh"	4571	9.14%
"256 [ 23, 3 ] jd 4h"	4570	9.14%
"145 [ 17, 9 ] 5d th"	4568	9.14%
"633 [ 36, 3 ] js 4h"	4565	9.13%
"893 [ 42, 32 ] 4c 7s"	4559	9.12%
"214 [ 21, 4 ] 9d 5h"	4558	9.12%
"1006 [ 45, 16 ] 7c 4d"	4549	9.10%
"646 [ 36, 16 ] js 4d"	4547	9.09%
"1098 [ 47, 17 ] 9c 5d"	4543	9.09%
"412 [ 29, 6 ] 4s 7h"	4541	9.08%
"1158 [ 48, 30 ] tc 5s"	4538	9.08%
"791 [ 40, 11 ] 2c qh"	4537	9.07%
"375 [ 27, 24 ] 2s qd"	4536	9.07%
"444 [ 30, 9 ] 5s th"	4533	9.07%
"512 [ 32, 16 ] 7s 4d"	4519	9.04%
"612 [ 35, 17 ] ts 5d"	4518	9.04%
"912 [ 43, 9 ] 5c th"	4518	9.04%
"993 [ 45, 3 ] 7c 4h"	4518	9.04%
"443 [ 30, 8 ] 5s 9h"	4511	9.02%
"235 [ 22, 4 ] td 5h"	4510	9.02%
"255 [ 23, 2 ] jd 3h"	4509	9.02%
"867 [ 42, 6 ] 4c 7h"	4503	9.01%
"126 [ 16, 6 ] 4d 7h"	4502	9.00%
"401 [ 28, 23 ] 3s jd"	4501	9.00%
"174 [ 19, 3 ] 7d 4h"	4487	8.97%
"144 [ 17, 8 ] 5d 9h"	4486	8.97%
"911 [ 43, 8 ] 5c 9h"	4484	8.97%
"1085 [ 47, 4 ] 9c 5h"	4484	8.97%
"565 [ 34, 4 ] 9s 5h"	4482	8.96%
"388 [ 28, 10 ] 3s jh"	4479	8.96%
"499 [ 32, 3 ] 7s 4h"	4472	8.94%
"122 [ 16, 2 ] 4d 3h"	4471	8.94%
"115 [ 15, 10 ] 3d jh"	4468	8.94%
"1019 [ 45, 29 ] 7c 4s"	4466	8.93%
"924 [ 43, 21 ] 5c 9d"	4465	8.93%
"408 [ 29, 2 ] 4s 3h"	4462	8.92%
"457 [ 30, 22 ] 5s td"	4462	8.92%
"889 [ 42, 28 ] 4c 3s"	4459	8.92%
"425 [ 29, 19 ] 4s 7d"	4457	8.91%
"830 [ 41, 10 ] 3c jh"	4457	8.91%
"632 [ 36, 2 ] js 3h"	4452	8.90%
"937 [ 43, 34 ] 5c 9s"	4452	8.90%
"1145 [ 48, 17 ] tc 5d"	4449	8.90%
"1111 [ 47, 30 ] 9c 5s"	4440	8.88%
"645 [ 36, 15 ] js 3d"	4437	8.87%
"394 [ 28, 16 ] 3s 4d"	4434	8.87%
"883 [ 42, 22 ] 4c td"	4431	8.86%
"938 [ 43, 35 ] 5c ts"	4431	8.86%
"421 [ 29, 15 ] 4s 3d"	4422	8.84%
"1203 [ 49, 27 ] jc 2s"	4410	8.82%
"1204 [ 49, 28 ] jc 3s"	4407	8.81%
"611 [ 35, 16 ] ts 4d"	4400	8.80%
"129 [ 16, 9 ] 4d th"	4393	8.79%
"1178 [ 49, 2 ] jc 3h"	4388	8.78%
"880 [ 42, 19 ] 4c 7d"	4387	8.77%
"843 [ 41, 23 ] 3c jd"	4380	8.76%
"790 [ 40, 10 ] 2c jh"	4373	8.75%
"598 [ 35, 3 ] ts 4h"	4369	8.74%
"381 [ 28, 3 ] 3s 4h"	4364	8.73%
"234 [ 22, 3 ] td 4h"	4362	8.72%
"896 [ 42, 35 ] 4c ts"	4358	8.72%
"823 [ 41, 3 ] 3c 4h"	4353	8.71%
"849 [ 41, 29 ] 3c 4s"	4349	8.70%
"254 [ 23, 1 ] jd 2h"	4348	8.70%
"415 [ 29, 9 ] 4s th"	4348	8.70%
"1190 [ 49, 14 ] jc 2d"	4343	8.69%
"108 [ 15, 3 ] 3d 4h"	4342	8.68%
"870 [ 42, 9 ] 4c th"	4341	8.68%
"876 [ 42, 15 ] 4c 3d"	4340	8.68%
"428 [ 29, 22 ] 4s td"	4339	8.68%
"1191 [ 49, 15 ] jc 3d"	4337	8.67%
"863 [ 42, 2 ] 4c 3h"	4336	8.67%
"836 [ 41, 16 ] 3c 4d"	4335	8.67%
"855 [ 41, 35 ] 3c ts"	4334	8.67%
"856 [ 41, 36 ] 3c js"	4334	8.67%
"1144 [ 48, 16 ] tc 4d"	4303	8.61%
"1156 [ 48, 28 ] tc 3s"	4294	8.59%
"110 [ 15, 5 ] 3d 6h"	4292	8.58%
"803 [ 40, 23 ] 2c jd"	4282	8.56%
"1131 [ 48, 3 ] tc 4h"	4272	8.54%
"1177 [ 49, 1 ] jc 2h"	4272	8.54%
"842 [ 41, 22 ] 3c td"	4261	8.52%
"1157 [ 48, 29 ] tc 4s"	4259	8.52%
"361 [ 27, 10 ] 2s jh"	4254	8.51%
"894 [ 42, 33 ] 4c 8s"	4253	8.51%
"544 [ 33, 16 ] 8s 4d"	4235	8.47%
"480 [ 31, 15 ] 6s 3d"	4232	8.46%
"948 [ 44, 2 ] 6c 3h"	4226	8.45%
"1143 [ 48, 15 ] tc 3d"	4224	8.45%
"101 [ 14, 10 ] 2d jh"	4223	8.45%
"631 [ 36, 1 ] js 2h"	4222	8.44%
"974 [ 44, 28 ] 6c 3s"	4219	8.44%
"1064 [ 46, 29 ] 8c 4s"	4218	8.44%
"838 [ 41, 18 ] 3c 6d"	4217	8.43%
"868 [ 42, 7 ] 4c 8h"	4217	8.43%
"114 [ 15, 9 ] 3d th"	4214	8.43%
"644 [ 36, 14 ] js 2d"	4205	8.41%
"155 [ 18, 2 ] 6d 3h"	4204	8.41%
"387 [ 28, 9 ] 3s th"	4202	8.40%
"597 [ 35, 2 ] ts 3h"	4202	8.40%
"851 [ 41, 31 ] 3c 6s"	4199	8.40%
"596 [ 35, 1 ] ts 2h"	4190	8.38%
"531 [ 33, 3 ] 8s 4h"	4186	8.37%
"829 [ 41, 9 ] 3c th"	4180	8.36%
"816 [ 40, 36 ] 2c js"	4173	8.35%
"383 [ 28, 5 ] 3s 6h"	4160	8.32%
"449 [ 30, 14 ] 5s 2d"	4157	8.31%
"467 [ 31, 2 ] 6s 3h"	4153	8.31%
"1130 [ 48, 2 ] tc 3h"	4149	8.30%
"374 [ 27, 23 ] 2s jd"	4147	8.29%
"127 [ 16, 7 ] 4d 8h"	4128	8.26%
"193 [ 20, 3 ] 8d 4h"	4128	8.26%
"1051 [ 46, 16 ] 8c 4d"	4125	8.25%
"396 [ 28, 18 ] 3s 6d"	4124	8.25%
"1038 [ 46, 3 ] 8c 4h"	4118	8.24%
"802 [ 40, 22 ] 2c td"	4117	8.23%
"95 [ 14, 4 ] 2d 5h"	4114	8.23%
"360 [ 27, 9 ] 2s th"	4114	8.23%
"100 [ 14, 9 ] 2d th"	4108	8.22%
"881 [ 42, 20 ] 4c 8d"	4106	8.21%
"233 [ 22, 2 ] td 3h"	4105	8.21%
"413 [ 29, 7 ] 4s 8h"	4103	8.21%
"610 [ 35, 15 ] ts 3d"	4101	8.20%
"784 [ 40, 4 ] 2c 5h"	4099	8.20%
"825 [ 41, 5 ] 3c 6h"	4094	8.19%
"961 [ 44, 15 ] 6c 3d"	4089	8.18%
"368 [ 27, 17 ] 2s 5d"	4088	8.18%
"436 [ 30, 1 ] 5s 2h"	4082	8.16%
"815 [ 40, 35 ] 2c ts"	4079	8.16%
"427 [ 29, 21 ] 4s 9d"	4077	8.15%
"355 [ 27, 4 ] 2s 5h"	4076	8.15%
"609 [ 35, 14 ] ts 2d"	4071	8.14%
"373 [ 27, 22 ] 2s td"	4066	8.13%
"810 [ 40, 30 ] 2c 5s"	4066	8.13%
"917 [ 43, 14 ] 5c 2d"	4056	8.11%
"930 [ 43, 27 ] 5c 2s"	4051	8.10%
"789 [ 40, 9 ] 2c th"	4048	8.10%
"1142 [ 48, 14 ] tc 2d"	4043	8.09%
"400 [ 28, 22 ] 3s td"	4041	8.08%
"1155 [ 48, 27 ] tc 2s"	4035	8.07%
"797 [ 40, 17 ] 2c 5d"	4006	8.01%
"426 [ 29, 20 ] 4s 8d"	4003	8.01%
"564 [ 34, 3 ] 9s 4h"	4003	8.01%
"895 [ 42, 34 ] 4c 9s"	3997	7.99%
"232 [ 22, 1 ] td 2h"	3987	7.97%
"904 [ 43, 1 ] 5c 2h"	3983	7.97%
"128 [ 16, 8 ] 4d 9h"	3972	7.94%
"1097 [ 47, 16 ] 9c 4d"	3967	7.93%
"137 [ 17, 1 ] 5d 2h"	3962	7.92%
"783 [ 40, 3 ] 2c 4h"	3960	7.92%
"1084 [ 47, 3 ] 9c 4h"	3958	7.92%
"213 [ 21, 3 ] 9d 4h"	3955	7.91%
"826 [ 41, 6 ] 3c 7h"	3948	7.90%
"511 [ 32, 15 ] 7s 3d"	3945	7.89%
"882 [ 42, 21 ] 4c 9d"	3944	7.89%
"1129 [ 48, 1 ] tc 2h"	3941	7.88%
"414 [ 29, 8 ] 4s 9h"	3932	7.86%
"420 [ 29, 14 ] 4s 2d"	3924	7.85%
"577 [ 34, 16 ] 9s 4d"	3917	7.83%
"1110 [ 47, 29 ] 9c 4s"	3915	7.83%
"869 [ 42, 8 ] 4c 9h"	3905	7.81%
"828 [ 41, 8 ] 3c 9h"	3887	7.77%
"407 [ 29, 1 ] 4s 2h"	3884	7.77%
"809 [ 40, 29 ] 2c 4s"	3882	7.76%
"1005 [ 45, 15 ] 7c 3d"	3881	7.76%
"852 [ 41, 32 ] 3c 7s"	3866	7.73%
"862 [ 42, 1 ] 4c 2h"	3861	7.72%
"888 [ 42, 27 ] 4c 2s"	3858	7.72%
"563 [ 34, 2 ] 9s 3h"	3850	7.70%
"839 [ 41, 19 ] 3c 7d"	3849	7.70%
"841 [ 41, 21 ] 3c 9d"	3847	7.69%
"367 [ 27, 16 ] 2s 4d"	3846	7.69%
"121 [ 16, 1 ] 4d 2h"	3844	7.69%
"94 [ 14, 3 ] 2d 4h"	3836	7.67%
"576 [ 34, 15 ] 9s 3d"	3835	7.67%
"992 [ 45, 2 ] 7c 3h"	3831	7.66%
"212 [ 21, 2 ] 9d 3h"	3829	7.66%
"173 [ 19, 2 ] 7d 3h"	3823	7.65%
"113 [ 15, 8 ] 3d 9h"	3818	7.64%
"384 [ 28, 6 ] 3s 7h"	3817	7.63%
"397 [ 28, 19 ] 3s 7d"	3813	7.63%
"354 [ 27, 3 ] 2s 4h"	3812	7.62%
"796 [ 40, 16 ] 2c 4d"	3808	7.62%
"386 [ 28, 8 ] 3s 9h"	3802	7.60%
"399 [ 28, 21 ] 3s 9d"	3797	7.59%
"498 [ 32, 2 ] 7s 3h"	3790	7.58%
"111 [ 15, 6 ] 3d 7h"	3784	7.57%
"1018 [ 45, 28 ] 7c 3s"	3776	7.55%
"1096 [ 47, 15 ] 9c 3d"	3769	7.54%
"1109 [ 47, 28 ] 9c 3s"	3769	7.54%
"854 [ 41, 34 ] 3c 9s"	3749	7.50%
"562 [ 34, 1 ] 9s 2h"	3738	7.48%
"875 [ 42, 14 ] 4c 2d"	3731	7.46%
"372 [ 27, 21 ] 2s 9d"	3700	7.40%
"1050 [ 46, 15 ] 8c 3d"	3700	7.40%
"1083 [ 47, 2 ] 9c 3h"	3700	7.40%
"575 [ 34, 14 ] 9s 2d"	3673	7.35%
"1082 [ 47, 1 ] 9c 2h"	3671	7.34%
"96 [ 14, 5 ] 2d 6h"	3663	7.33%
"1037 [ 46, 2 ] 8c 3h"	3659	7.32%
"385 [ 28, 7 ] 3s 8h"	3653	7.31%
"788 [ 40, 8 ] 2c 9h"	3653	7.31%
"154 [ 18, 1 ] 6d 2h"	3645	7.29%
"543 [ 33, 15 ] 8s 3d"	3635	7.27%
"358 [ 27, 7 ] 2s 8h"	3634	7.27%
"840 [ 41, 20 ] 3c 8d"	3630	7.26%
"466 [ 31, 1 ] 6s 2h"	3623	7.25%
"853 [ 41, 33 ] 3c 8s"	3621	7.24%
"847 [ 41, 27 ] 3c 2s"	3615	7.23%
"1095 [ 47, 14 ] 9c 2d"	3612	7.22%
"1063 [ 46, 28 ] 8c 3s"	3610	7.22%
"99 [ 14, 8 ] 2d 9h"	3607	7.21%
"353 [ 27, 2 ] 2s 3h"	3606	7.21%
"801 [ 40, 21 ] 2c 9d"	3606	7.21%
"356 [ 27, 5 ] 2s 6h"	3603	7.21%
"211 [ 21, 1 ] 9d 2h"	3601	7.20%
"782 [ 40, 2 ] 2c 3h"	3599	7.20%
"808 [ 40, 28 ] 2c 3s"	3594	7.19%
"834 [ 41, 14 ] 3c 2d"	3593	7.19%
"398 [ 28, 20 ] 3s 8d"	3589	7.18%
"811 [ 40, 31 ] 2c 6s"	3588	7.18%
"479 [ 31, 14 ] 6s 2d"	3584	7.17%
"973 [ 44, 27 ] 6c 2s"	3578	7.16%
"379 [ 28, 1 ] 3s 2h"	3573	7.15%
"1108 [ 47, 27 ] 9c 2s"	3573	7.15%
"192 [ 20, 2 ] 8d 3h"	3571	7.14%
"795 [ 40, 15 ] 2c 3d"	3570	7.14%
"798 [ 40, 18 ] 2c 6d"	3570	7.14%
"947 [ 44, 1 ] 6c 2h"	3566	7.13%
"359 [ 27, 8 ] 2s 9h"	3562	7.12%
"371 [ 27, 20 ] 2s 8d"	3562	7.12%
"106 [ 15, 1 ] 3d 2h"	3558	7.12%
"93 [ 14, 2 ] 2d 3h"	3550	7.10%
"369 [ 27, 18 ] 2s 6d"	3521	7.04%
"960 [ 44, 14 ] 6c 2d"	3518	7.04%
"827 [ 41, 7 ] 3c 8h"	3514	7.03%
"814 [ 40, 34 ] 2c 9s"	3502	7.00%
"785 [ 40, 5 ] 2c 6h"	3501	7.00%
"112 [ 15, 7 ] 3d 8h"	3496	6.99%
"529 [ 33, 1 ] 8s 2h"	3492	6.98%
"542 [ 33, 14 ] 8s 2d"	3489	6.98%
"1062 [ 46, 27 ] 8c 2s"	3487	6.97%
"530 [ 33, 2 ] 8s 3h"	3485	6.97%
"191 [ 20, 1 ] 8d 2h"	3481	6.96%
"821 [ 41, 1 ] 3c 2h"	3469	6.94%
"813 [ 40, 33 ] 2c 8s"	3454	6.91%
"1036 [ 46, 1 ] 8c 2h"	3452	6.90%
"98 [ 14, 7 ] 2d 8h"	3450	6.90%
"392 [ 28, 14 ] 3s 2d"	3448	6.90%
"366 [ 27, 15 ] 2s 3d"	3443	6.89%
"800 [ 40, 20 ] 2c 8d"	3440	6.88%
"787 [ 40, 7 ] 2c 8h"	3421	6.84%
"1049 [ 46, 14 ] 8c 2d"	3403	6.81%
"812 [ 40, 32 ] 2c 7s"	3393	6.79%
"172 [ 19, 1 ] 7d 2h"	3389	6.78%
"497 [ 32, 1 ] 7s 2h"	3355	6.71%
"799 [ 40, 19 ] 2c 7d"	3340	6.68%
"991 [ 45, 1 ] 7c 2h"	3323	6.65%
"786 [ 40, 6 ] 2c 7h"	3322	6.64%
"1017 [ 45, 27 ] 7c 2s"	3313	6.63%
"97 [ 14, 6 ] 2d 7h"	3306	6.61%
"357 [ 27, 6 ] 2s 7h"	3306	6.61%
"1004 [ 45, 14 ] 7c 2d"	3288	6.58%
"510 [ 32, 14 ] 7s 2d"	3281	6.56%
"370 [ 27, 19 ] 2s 7d"	3237	6.47%